{"stats":{"minecraft:killed":{"minecraft:zombie":28,"alexsmobs:gazelle":1},"minecraft:custom":{"minecraft:interact_with_furnace":4,"minecraft:mob_kills":29,"minecraft:interact_with_anvil":2,"minecraft:interact_with_crafting_table":8,"minecraft:damage_dealt_resisted":138,"minecraft:time_since_death":115997,"minecraft:sleep_in_bed":3,"minecraft:climb_one_cm":22084,"minecraft:time_since_rest":33789,"minecraft:damage_absorbed":21,"minecraft:sprint_one_cm":142377,"minecraft:damage_taken":269,"minecraft:walk_one_cm":540541,"minecraft:drop":9,"minecraft:damage_dealt":5791,"minecraft:damage_dealt_absorbed":19,"minecraft:fly_one_cm":127611,"minecraft:open_chest":102,"minecraft:crouch_one_cm":8096,"minecraft:play_time":115997,"minecraft:sneak_time":4341,"minecraft:jump":538,"minecraft:total_world_time":115997,"minecraft:fall_one_cm":8632},"minecraft:mined":{"minecraft:jungle_leaves":1,"minecraft:light_gray_terracotta":2,"minecraft:torch":3,"minecraft:ladder":1,"minecraft:grass_block":2,"minecraft:copper_ore":12,"minecraft:cobblestone":5,"minecraft:spruce_leaves":4,"minecraft:moss_block":4,"minecraft:oak_wall_sign":1,"minecraft:wall_torch":4,"minecraft:light_blue_stained_glass":2,"minecraft:lime_bed":1,"k_turrets:titanium_ore":4,"minecraft:coal_ore":6,"minecraft:gravel":99,"minecraft:dirt":2,"minecraft:stone":363,"minecraft:oak_leaves":7},"minecraft:crafted":{"minecraft:oak_slab":30,"minecraft:stick":4,"minecraft:torch":24,"minecraft:lapis_lazuli":9,"minecraft:lapis_block":1},"minecraft:picked_up":{"minecraft:lime_bed":1,"minecraft:chicken":1,"minecraft:ladder":1,"projectvibrantjourneys:fallen_leaves":1,"table_top_craft:chess_piece_figure":9,"minecraft:flint":12,"max_armory:diamond_katana":1,"minecraft:gunpowder":4,"minecraft:string":2,"minecraft:dirt":4,"marbledsarsenal:helmet_cm6m_gas_mask":1,"minecraft:raw_copper":70,"minecraft:bone":4,"minecraft:oak_sign":7,"minecraft:gray_terracotta":1,"minecraft:wheat_seeds":3,"alexsmobs:banana":1,"minecraft:bucket":1,"minecraft:moss_block":2,"minecraft:chest":4,"minecraft:phantom_membrane":1,"minecraft:dark_oak_door":1,"minecraft:stick":2,"minecraft:torch":7,"minecraft:gravel":87,"pointblank:gunmetal_nugget":32,"tacz:attachment":2,"minecraft:spider_eye":1,"marbledsarsenal:helmet_cm8m_gas_mask":1,"usefulbackpacks:backpack_large":2,"minecraft:quartz_block":11,"minecraft:light_gray_terracotta":2,"minecraft:rotten_flesh":32,"k_turrets:raw_titanium":8,"minecraft:oak_sapling":5,"minecraft:coal":9,"minecraft:ender_pearl":1,"minecraft:cobblestone":363},"minecraft:dropped":{"usefulbackpacks:backpack_large":1,"minecraft:cobblestone":20,"marbledsarsenal:helmet_cm8m_gas_mask":1,"minecraft:oak_sign":2,"max_armory:diamond_katana":1,"minecraft:chest":64,"tacz:attachment":2},"minecraft:used":{"minecraft:cobbled_deepslate_wall":115,"minecraft:moss_block":2,"minecraft:oak_fence":29,"minecraft:oak_trapdoor":1,"minecraft:cow_spawn_egg":10,"table_top_craft:chess_piece_figure":13,"minecraft:oak_sign":3,"minecraft:chest":2,"minecraft:torch":59,"minecraft:golden_apple":1,"minecraft:dirt":3,"minecraft:oak_slab":26,"minecraft:lime_bed":1,"minecraft:oak_fence_gate":6,"minecraft:dark_oak_door":1,"minecraft:deepslate_tile_wall":1,"minecraft:diamond_pickaxe":393,"minecraft:diamond_shovel":51,"minecraft:grass_block":201,"minecraft:pig_spawn_egg":7,"minecraft:chicken_spawn_egg":30,"minecraft:deepslate":80,"minecraft:cobblestone":39,"max_armory:diamond_katana":103,"minecraft:cooked_beef":5,"minecraft:smooth_stone":1}},"DataVersion":3465}