{"stats":{"minecraft:killed":{"alexsmobs:gorilla":1,"minecraft:chicken":2,"minecraft:drowned":1,"minecraft:pig":4,"minecraft:zombie_villager":5,"minecraft:zombie":168,"alexsmobs:gazelle":1,"alexsmobs:fly":2,"minecraft:cow":2},"minecraft:custom":{"minecraft:interact_with_anvil":2,"minecraft:mob_kills":186,"minecraft:animals_bred":36,"minecraft:interact_with_crafting_table":32,"minecraft:damage_dealt_resisted":450,"minecraft:time_since_death":361997,"minecraft:climb_one_cm":52585,"minecraft:sprint_one_cm":617294,"minecraft:walk_one_cm":1601873,"minecraft:drop":40,"minecraft:damage_dealt_absorbed":19,"minecraft:play_time":361997,"minecraft:sneak_time":15165,"minecraft:walk_under_water_one_cm":7051,"minecraft:jump":2070,"minecraft:walk_on_water_one_cm":13775,"minecraft:total_world_time":361997,"minecraft:interact_with_furnace":55,"minecraft:play_record":5,"minecraft:interact_with_stonecutter":5,"minecraft:sleep_in_bed":3,"minecraft:time_since_rest":279789,"minecraft:damage_taken":1225,"minecraft:damage_absorbed":72,"minecraft:damage_dealt":25325,"minecraft:fly_one_cm":228049,"minecraft:swim_one_cm":19133,"minecraft:open_chest":311,"minecraft:crouch_one_cm":18048,"minecraft:interact_with_smoker":2,"minecraft:fall_one_cm":44156},"minecraft:mined":{"minecraft:farmland":6,"minecraft:deepslate_diamond_ore":8,"minecraft:jungle_leaves":3,"projectvibrantjourneys:rocks":2,"psg:sulphur_ore":12,"minecraft:ladder":1,"minecraft:acacia_log":5,"minecraft:grass_block":180,"farmersdelight:budding_tomatoes":2,"minecraft:spruce_leaves":5,"minecraft:moss_block":21,"minecraft:oak_wall_sign":1,"minecraft:chiseled_stone_bricks":1,"minecraft:light_blue_stained_glass":8,"minecraft:smooth_stone":5,"minecraft:carrots":26,"minecraft:iron_ore":34,"minecraft:moss_carpet":2,"minecraft:pumpkin":6,"minecraft:potatoes":20,"minecraft:dirt_path":4,"minecraft:deepslate_iron_ore":11,"create:small_deepslate_brick_wall":1,"farmersdelight:rice_panicles":12,"minecraft:azalea":2,"minecraft:stone":588,"fastpaintings:painting":25,"minecraft:oak_slab":3,"minecraft:acacia_leaves":32,"minecraft:quartz_block":1,"minecraft:dandelion":1,"minecraft:cobbled_deepslate_wall":2,"minecraft:oak_fence":35,"minecraft:clay":1,"minecraft:torch":15,"minecraft:light_gray_terracotta":2,"projectvibrantjourneys:twigs":3,"minecraft:poppy":1,"minecraft:white_stained_glass_pane":2,"minecraft:dead_bush":2,"minecraft:tall_grass":22,"minecraft:glass":1,"minecraft:cobblestone":42,"minecraft:copper_ore":14,"minecraft:deepslate_gold_ore":3,"projectvibrantjourneys:fallen_leaves":5,"minecraft:wall_torch":16,"minecraft:lime_bed":2,"minecraft:dark_oak_door":1,"minecraft:wheat":2,"projectvibrantjourneys:bones":1,"minecraft:smooth_stone_slab":2,"minecraft:grass":77,"k_turrets:titanium_ore":6,"overworld_netherite_ore:ancient_debris_ore":3,"minecraft:coal_ore":108,"minecraft:oak_log":27,"projectvibrantjourneys:short_grass":29,"minecraft:gravel":117,"minecraft:sand":30,"minecraft:dirt":57,"minecraft:deepslate":2,"minecraft:gold_ore":7,"minecraft:oak_leaves":53,"minecraft:fern":10,"table_top_craft:chess_piece_figure":4},"minecraft:crafted":{"minecraft:brick":2,"minecraft:smooth_stone":10,"minecraft:oak_planks":104,"minecraft:smooth_stone_slab":2,"minecraft:jukebox":1,"create:small_deepslate_brick_wall":128,"minecraft:acacia_fence_gate":1,"minecraft:stone":112,"minecraft:bone_meal":186,"minecraft:diamond_shovel":1,"farmersdelight:rice":12,"minecraft:chiseled_stone_bricks":1,"minecraft:oak_fence":42,"minecraft:wheat":18,"minecraft:cooked_beef":3,"farmersdelight:tomato_seeds":7,"minecraft:coal_block":14,"minecraft:item_frame":1,"minecraft:oak_slab":48,"minecraft:cooked_porkchop":7,"minecraft:baked_potato":30,"minecraft:painting":1,"minecraft:white_wool":1,"minecraft:golden_apple":3,"minecraft:stick":56,"minecraft:stonecutter":1,"minecraft:armor_stand":1,"minecraft:acacia_planks":4,"minecraft:torch":60,"minecraft:lapis_lazuli":9,"minecraft:lapis_block":1},"minecraft:picked_up":{"minecraft:chicken":5,"minecraft:ladder":1,"minecraft:clay_ball":132,"farmersdelight:rice_panicle":12,"marbledsarsenal:swat_armor_chestplate":1,"minecraft:music_disc_cat":1,"effortlessbuilding:elastic_hand":1,"minecraft:string":6,"minecraft:moss_carpet":5,"minecraft:raw_copper":77,"tacz:ammo":75,"minecraft:smooth_stone_slab":2,"minecraft:armor_stand":4,"minecraft:item_frame":1,"minecraft:oak_sign":7,"minecraft:cobbled_deepslate":2,"alexsmobs:banana":1,"minecraft:smooth_stone":5,"minecraft:bucket":1,"minecraft:beef":3,"minecraft:azalea":2,"minecraft:poppy":1,"minecraft:chest":4,"minecraft:phantom_membrane":2,"minecraft:dark_oak_door":2,"minecraft:egg":86,"minecraft:stick":18,"minecraft:raw_iron":84,"minecraft:oak_fence":35,"minecraft:torch":40,"minecraft:acacia_log":5,"minecraft:porkchop":7,"psg:sulphur":79,"pointblank:gunmetal_nugget":141,"tacz:attachment":2,"farmersdelight:tomato_seeds":2,"create:small_deepslate_brick_wall":1,"minecraft:carrot":86,"marbledsarsenal:helmet_cm8m_gas_mask":1,"minecraft:quartz_block":13,"minecraft:rotten_flesh":140,"minecraft:tropical_fish":66,"k_turrets:raw_titanium":10,"minecraft:cobblestone":578,"minecraft:lime_bed":2,"minecraft:feather":6,"table_top_craft:chess_piece_figure":13,"projectvibrantjourneys:fallen_leaves":7,"minecraft:leather":2,"alexsmobs:acacia_blossom":1,"minecraft:potato":75,"marbledsarsenal:swat_armor_boots":1,"minecraft:flint":13,"max_armory:diamond_katana":1,"minecraft:oak_log":27,"minecraft:gunpowder":26,"farmersdelight:tomato":7,"marbledsarsenal:helmet_cm6m_gas_mask":2,"minecraft:dirt":246,"create:small_deepslate_bricks":1,"minecraft:bone":18,"ecologics:music_disc_coconut":2,"minecraft:cobbled_deepslate_wall":2,"minecraft:apple":2,"minecraft:gray_terracotta":1,"minecraft:wheat_seeds":20,"minecraft:raw_gold":19,"minecraft:iron_ingot":27,"minecraft:moss_block":19,"minecraft:acacia_sapling":10,"minecraft:oak_slab":3,"minecraft:pumpkin":6,"minecraft:music_disc_13":3,"marbledsarsenal:swat_armor_leggings":1,"minecraft:chiseled_stone_bricks":1,"minecraft:dandelion":2,"minecraft:gravel":103,"minecraft:sand":33,"overworld_netherite_ore:large_ancient_shard":1,"minecraft:spider_eye":6,"usefulbackpacks:backpack_large":2,"minecraft:light_gray_terracotta":2,"minecraft:slime_ball":2,"minecraft:diamond":15,"tacz:modern_kinetic_gun":1,"minecraft:diamond_axe":1,"minecraft:painting":38,"minecraft:bone_meal":1,"minecraft:golden_apple":2,"alexsmobs:maggot":1,"minecraft:oak_sapling":23,"minecraft:coal":144,"minecraft:ender_pearl":2},"minecraft:dropped":{"minecraft:iron_ingot":27,"minecraft:moss_block":17,"minecraft:cobblestone":86,"marbledsarsenal:helmet_cm8m_gas_mask":1,"table_top_craft:chess_piece_figure":1,"minecraft:golden_apple":2,"projectvibrantjourneys:fallen_leaves":6,"minecraft:sand":10,"minecraft:string":1,"minecraft:dandelion":1,"usefulbackpacks:backpack_large":1,"minecraft:moss_carpet":5,"minecraft:cobbled_deepslate":2,"minecraft:light_gray_terracotta":2,"minecraft:rotten_flesh":18,"minecraft:clay_ball":4,"minecraft:name_tag":1,"minecraft:oak_sign":2,"pointblank:gunmetal_nugget":37,"max_armory:diamond_katana":1,"minecraft:gray_terracotta":1,"minecraft:gunpowder":1,"minecraft:acacia_sapling":8,"minecraft:oak_sapling":16,"minecraft:azalea":2,"minecraft:chest":64,"minecraft:spider_eye":1,"tacz:attachment":2},"minecraft:used":{"minecraft:oak_trapdoor":1,"minecraft:oak_fence":82,"minecraft:moss_block":2,"minecraft:armor_stand":5,"farmersdelight:cabbage_seeds":1,"minecraft:diamond_hoe":150,"minecraft:oak_sign":3,"minecraft:chest":3,"minecraft:stone":61,"minecraft:cooked_chicken":1,"create:small_deepslate_bricks":1,"minecraft:torch":109,"minecraft:dirt":278,"minecraft:carrot":59,"minecraft:music_disc_13":3,"minecraft:oak_fence_gate":6,"minecraft:grass_block":201,"minecraft:quartz_block":3,"minecraft:chicken_spawn_egg":30,"minecraft:melon_seeds":2,"minecraft:stone_brick_stairs":1,"minecraft:item_frame":2,"alexsmobs:banana":1,"minecraft:egg":87,"minecraft:potato":53,"minecraft:cooked_beef":12,"farmersdelight:tomato_seeds":17,"minecraft:cobbled_deepslate_wall":115,"minecraft:wheat_seeds":37,"minecraft:water_bucket":56,"minecraft:cow_spawn_egg":10,"table_top_craft:chess_piece_figure":21,"minecraft:oak_planks":1,"minecraft:ender_pearl":1,"minecraft:stonecutter":1,"minecraft:diamond_axe":50,"minecraft:golden_apple":6,"ecologics:music_disc_coconut":1,"farmersdelight:onion":15,"minecraft:music_disc_cat":1,"minecraft:oak_slab":47,"minecraft:lime_bed":2,"farmersdelight:rice":16,"minecraft:painting":39,"minecraft:dark_oak_door":2,"minecraft:deepslate_tile_wall":1,"create:small_deepslate_brick_wall":129,"minecraft:diamond_pickaxe":876,"minecraft:apple":3,"minecraft:diamond_shovel":400,"minecraft:bread":6,"minecraft:pig_spawn_egg":7,"minecraft:deepslate":108,"minecraft:gravel":10,"minecraft:chiseled_stone_bricks":1,"minecraft:cobblestone":104,"minecraft:cooked_porkchop":6,"max_armory:diamond_katana":428,"minecraft:bucket":57,"minecraft:smooth_stone_slab":3,"minecraft:bone_meal":187,"minecraft:jukebox":1,"minecraft:smooth_stone":10}},"DataVersion":3465}