{"stats":{"minecraft:killed":{"alexsmobs:gorilla":1,"minecraft:chicken":1,"minecraft:pig":4,"minecraft:zombie_villager":4,"minecraft:zombie":143,"alexsmobs:gazelle":1,"alexsmobs:fly":2,"minecraft:cow":2},"minecraft:custom":{"minecraft:interact_with_anvil":2,"minecraft:mob_kills":158,"minecraft:animals_bred":36,"minecraft:interact_with_crafting_table":31,"minecraft:damage_dealt_resisted":450,"minecraft:time_since_death":325997,"minecraft:climb_one_cm":52123,"minecraft:sprint_one_cm":575285,"minecraft:walk_one_cm":1461593,"minecraft:drop":21,"minecraft:damage_dealt_absorbed":19,"minecraft:play_time":325997,"minecraft:sneak_time":13242,"minecraft:walk_under_water_one_cm":4929,"minecraft:jump":1981,"minecraft:walk_on_water_one_cm":12990,"minecraft:total_world_time":325997,"minecraft:interact_with_furnace":46,"minecraft:play_record":5,"minecraft:interact_with_stonecutter":5,"minecraft:sleep_in_bed":3,"minecraft:time_since_rest":243789,"minecraft:damage_taken":1208,"minecraft:damage_absorbed":72,"minecraft:damage_dealt":20061,"minecraft:fly_one_cm":225433,"minecraft:swim_one_cm":19133,"minecraft:open_chest":293,"minecraft:crouch_one_cm":17775,"minecraft:interact_with_smoker":2,"minecraft:fall_one_cm":43467},"minecraft:mined":{"minecraft:farmland":3,"minecraft:deepslate_diamond_ore":8,"minecraft:jungle_leaves":3,"projectvibrantjourneys:rocks":1,"psg:sulphur_ore":12,"minecraft:ladder":1,"minecraft:acacia_log":5,"minecraft:grass_block":155,"minecraft:spruce_leaves":5,"minecraft:moss_block":21,"minecraft:oak_wall_sign":1,"minecraft:chiseled_stone_bricks":1,"minecraft:light_blue_stained_glass":8,"minecraft:smooth_stone":5,"minecraft:iron_ore":34,"minecraft:moss_carpet":2,"minecraft:pumpkin":6,"minecraft:deepslate_iron_ore":11,"create:small_deepslate_brick_wall":1,"minecraft:azalea":2,"minecraft:stone":588,"fastpaintings:painting":25,"minecraft:oak_slab":3,"minecraft:acacia_leaves":32,"minecraft:quartz_block":1,"minecraft:cobbled_deepslate_wall":2,"minecraft:oak_fence":34,"minecraft:clay":1,"minecraft:torch":11,"minecraft:light_gray_terracotta":2,"projectvibrantjourneys:twigs":3,"minecraft:white_stained_glass_pane":2,"minecraft:dead_bush":2,"minecraft:tall_grass":21,"minecraft:glass":1,"minecraft:cobblestone":42,"minecraft:copper_ore":14,"minecraft:deepslate_gold_ore":3,"projectvibrantjourneys:fallen_leaves":5,"minecraft:wall_torch":13,"minecraft:lime_bed":2,"minecraft:dark_oak_door":1,"minecraft:wheat":2,"projectvibrantjourneys:bones":1,"minecraft:smooth_stone_slab":2,"minecraft:grass":72,"k_turrets:titanium_ore":6,"overworld_netherite_ore:ancient_debris_ore":3,"minecraft:coal_ore":108,"minecraft:oak_log":27,"projectvibrantjourneys:short_grass":28,"minecraft:gravel":117,"minecraft:sand":30,"minecraft:dirt":42,"minecraft:deepslate":2,"minecraft:gold_ore":7,"minecraft:oak_leaves":53,"minecraft:fern":10,"table_top_craft:chess_piece_figure":4},"minecraft:crafted":{"minecraft:smooth_stone":10,"minecraft:oak_planks":104,"minecraft:smooth_stone_slab":2,"minecraft:jukebox":1,"create:small_deepslate_brick_wall":128,"minecraft:acacia_fence_gate":1,"minecraft:stone":112,"minecraft:diamond_shovel":1,"minecraft:chiseled_stone_bricks":1,"minecraft:oak_fence":42,"minecraft:wheat":18,"minecraft:cooked_beef":3,"minecraft:coal_block":14,"minecraft:item_frame":1,"minecraft:oak_slab":48,"minecraft:cooked_porkchop":7,"minecraft:baked_potato":30,"minecraft:painting":1,"minecraft:white_wool":1,"minecraft:golden_apple":3,"minecraft:stick":56,"minecraft:stonecutter":1,"minecraft:armor_stand":1,"minecraft:acacia_planks":4,"minecraft:torch":60,"minecraft:lapis_lazuli":9,"minecraft:lapis_block":1},"minecraft:picked_up":{"minecraft:chicken":4,"minecraft:ladder":1,"minecraft:clay_ball":4,"marbledsarsenal:swat_armor_chestplate":1,"minecraft:music_disc_cat":1,"effortlessbuilding:elastic_hand":1,"minecraft:string":6,"minecraft:moss_carpet":5,"minecraft:raw_copper":77,"minecraft:smooth_stone_slab":2,"minecraft:armor_stand":4,"minecraft:item_frame":1,"minecraft:oak_sign":7,"minecraft:cobbled_deepslate":2,"alexsmobs:banana":1,"minecraft:smooth_stone":5,"minecraft:bucket":1,"minecraft:beef":3,"minecraft:azalea":2,"minecraft:chest":4,"minecraft:phantom_membrane":2,"minecraft:dark_oak_door":2,"minecraft:egg":70,"minecraft:stick":18,"minecraft:raw_iron":84,"minecraft:oak_fence":34,"minecraft:torch":31,"minecraft:acacia_log":5,"minecraft:porkchop":7,"psg:sulphur":79,"pointblank:gunmetal_nugget":136,"tacz:attachment":2,"create:small_deepslate_brick_wall":1,"marbledsarsenal:helmet_cm8m_gas_mask":1,"minecraft:quartz_block":13,"minecraft:rotten_flesh":137,"minecraft:tropical_fish":66,"k_turrets:raw_titanium":10,"minecraft:cobblestone":577,"minecraft:lime_bed":2,"minecraft:feather":5,"table_top_craft:chess_piece_figure":13,"projectvibrantjourneys:fallen_leaves":7,"minecraft:leather":2,"alexsmobs:acacia_blossom":1,"marbledsarsenal:swat_armor_boots":1,"minecraft:flint":13,"max_armory:diamond_katana":1,"minecraft:oak_log":27,"minecraft:gunpowder":25,"marbledsarsenal:helmet_cm6m_gas_mask":2,"minecraft:dirt":199,"create:small_deepslate_bricks":1,"minecraft:bone":18,"ecologics:music_disc_coconut":2,"minecraft:cobbled_deepslate_wall":2,"minecraft:apple":2,"minecraft:gray_terracotta":1,"minecraft:wheat_seeds":19,"minecraft:raw_gold":19,"minecraft:iron_ingot":27,"minecraft:moss_block":19,"minecraft:acacia_sapling":10,"minecraft:oak_slab":3,"minecraft:pumpkin":6,"minecraft:music_disc_13":3,"marbledsarsenal:swat_armor_leggings":1,"minecraft:chiseled_stone_bricks":1,"minecraft:dandelion":1,"minecraft:gravel":103,"minecraft:sand":33,"overworld_netherite_ore:large_ancient_shard":1,"minecraft:spider_eye":5,"usefulbackpacks:backpack_large":2,"minecraft:light_gray_terracotta":2,"minecraft:slime_ball":2,"minecraft:diamond":15,"minecraft:diamond_axe":1,"minecraft:painting":38,"minecraft:bone_meal":1,"minecraft:golden_apple":2,"alexsmobs:maggot":1,"minecraft:oak_sapling":23,"minecraft:coal":144,"minecraft:ender_pearl":2},"minecraft:dropped":{"minecraft:iron_ingot":27,"minecraft:cobblestone":20,"marbledsarsenal:helmet_cm8m_gas_mask":1,"table_top_craft:chess_piece_figure":1,"minecraft:golden_apple":2,"minecraft:sand":10,"usefulbackpacks:backpack_large":1,"minecraft:moss_carpet":1,"minecraft:light_gray_terracotta":2,"minecraft:rotten_flesh":1,"minecraft:name_tag":1,"minecraft:oak_sign":2,"pointblank:gunmetal_nugget":28,"max_armory:diamond_katana":1,"minecraft:gray_terracotta":1,"minecraft:chest":64,"tacz:attachment":2},"minecraft:used":{"minecraft:oak_trapdoor":1,"minecraft:oak_fence":69,"minecraft:moss_block":2,"minecraft:armor_stand":5,"minecraft:diamond_hoe":43,"minecraft:oak_sign":3,"minecraft:chest":3,"minecraft:stone":61,"minecraft:cooked_chicken":1,"create:small_deepslate_bricks":1,"minecraft:torch":96,"minecraft:dirt":257,"minecraft:music_disc_13":3,"minecraft:oak_fence_gate":6,"minecraft:grass_block":201,"minecraft:quartz_block":3,"minecraft:chicken_spawn_egg":30,"minecraft:stone_brick_stairs":1,"minecraft:item_frame":2,"alexsmobs:banana":1,"minecraft:egg":55,"minecraft:cooked_beef":12,"minecraft:cobbled_deepslate_wall":115,"minecraft:wheat_seeds":37,"minecraft:water_bucket":55,"minecraft:cow_spawn_egg":10,"table_top_craft:chess_piece_figure":21,"minecraft:oak_planks":1,"minecraft:ender_pearl":1,"minecraft:stonecutter":1,"minecraft:diamond_axe":49,"minecraft:golden_apple":6,"ecologics:music_disc_coconut":1,"minecraft:music_disc_cat":1,"minecraft:oak_slab":47,"minecraft:lime_bed":2,"minecraft:painting":39,"minecraft:dark_oak_door":2,"minecraft:deepslate_tile_wall":1,"create:small_deepslate_brick_wall":129,"minecraft:diamond_pickaxe":868,"minecraft:apple":3,"minecraft:diamond_shovel":204,"minecraft:bread":6,"minecraft:pig_spawn_egg":7,"minecraft:deepslate":82,"minecraft:gravel":10,"minecraft:chiseled_stone_bricks":1,"minecraft:cobblestone":104,"minecraft:cooked_porkchop":5,"max_armory:diamond_katana":334,"minecraft:bucket":55,"minecraft:smooth_stone_slab":3,"minecraft:jukebox":1,"minecraft:smooth_stone":10}},"DataVersion":3465}