{"stats":{"minecraft:killed":{"minecraft:zombie":15},"minecraft:custom":{"minecraft:time_since_rest":381,"minecraft:interact_with_anvil":2,"minecraft:sprint_one_cm":85919,"minecraft:damage_taken":38,"minecraft:walk_one_cm":292605,"minecraft:mob_kills":15,"minecraft:drop":7,"minecraft:damage_dealt":2130,"minecraft:fly_one_cm":118302,"minecraft:interact_with_crafting_table":7,"minecraft:open_chest":80,"minecraft:crouch_one_cm":7265,"minecraft:play_time":79997,"minecraft:sneak_time":3907,"minecraft:jump":292,"minecraft:damage_dealt_resisted":52,"minecraft:sleep_in_bed":1,"minecraft:time_since_death":79997,"minecraft:total_world_time":79997,"minecraft:climb_one_cm":4913,"minecraft:fall_one_cm":2133},"minecraft:mined":{"minecraft:lime_bed":1,"minecraft:torch":1,"minecraft:ladder":1,"k_turrets:titanium_ore":4,"minecraft:coal_ore":6,"minecraft:gravel":99,"minecraft:dirt":1,"minecraft:copper_ore":12,"minecraft:cobblestone":5,"minecraft:stone":363,"minecraft:oak_wall_sign":1,"minecraft:wall_torch":2},"minecraft:crafted":{"minecraft:oak_slab":30,"minecraft:stick":4,"minecraft:torch":24,"minecraft:lapis_block":1,"minecraft:lapis_lazuli":9},"minecraft:picked_up":{"minecraft:lime_bed":1,"minecraft:stick":2,"minecraft:ladder":1,"minecraft:chicken":1,"table_top_craft:chess_piece_figure":9,"projectvibrantjourneys:fallen_leaves":1,"minecraft:torch":3,"minecraft:gravel":87,"tacz:attachment":2,"minecraft:flint":12,"pointblank:gunmetal_nugget":6,"max_armory:diamond_katana":1,"marbledsarsenal:helmet_cm8m_gas_mask":1,"minecraft:dirt":1,"marbledsarsenal:helmet_cm6m_gas_mask":1,"minecraft:raw_copper":70,"minecraft:rotten_flesh":3,"minecraft:oak_sign":7,"minecraft:wheat_seeds":3,"alexsmobs:banana":1,"k_turrets:raw_titanium":8,"minecraft:bucket":1,"minecraft:oak_sapling":5,"minecraft:chest":4,"minecraft:coal":9,"minecraft:dark_oak_door":1,"minecraft:cobblestone":362},"minecraft:dropped":{"max_armory:diamond_katana":1,"minecraft:chest":64,"marbledsarsenal:helmet_cm8m_gas_mask":1,"minecraft:oak_sign":2,"tacz:attachment":2},"minecraft:used":{"minecraft:cobbled_deepslate_wall":115,"minecraft:oak_trapdoor":1,"minecraft:oak_fence":29,"minecraft:diamond_pickaxe":391,"minecraft:cow_spawn_egg":10,"minecraft:diamond_shovel":51,"table_top_craft:chess_piece_figure":13,"minecraft:grass_block":201,"minecraft:pig_spawn_egg":7,"minecraft:oak_sign":3,"minecraft:chicken_spawn_egg":30,"minecraft:chest":2,"minecraft:deepslate":80,"minecraft:torch":51,"minecraft:cobblestone":31,"minecraft:oak_slab":26,"minecraft:lime_bed":1,"max_armory:diamond_katana":40,"minecraft:cooked_beef":1,"minecraft:dark_oak_door":1,"minecraft:smooth_stone":1,"minecraft:oak_fence_gate":6,"minecraft:deepslate_tile_wall":1}},"DataVersion":3465}