{"stats":{"minecraft:killed":{"minecraft:zombie_villager":1,"minecraft:zombie":48,"alexsmobs:gazelle":1},"minecraft:custom":{"minecraft:interact_with_furnace":11,"minecraft:mob_kills":50,"minecraft:interact_with_anvil":2,"minecraft:interact_with_crafting_table":13,"minecraft:damage_dealt_resisted":192,"minecraft:interact_with_stonecutter":1,"minecraft:time_since_death":163997,"minecraft:sleep_in_bed":3,"minecraft:climb_one_cm":42223,"minecraft:time_since_rest":81789,"minecraft:damage_absorbed":70,"minecraft:sprint_one_cm":233555,"minecraft:damage_taken":800,"minecraft:walk_one_cm":796651,"minecraft:drop":14,"minecraft:damage_dealt":8679,"minecraft:swim_one_cm":9907,"minecraft:damage_dealt_absorbed":19,"minecraft:fly_one_cm":155131,"minecraft:open_chest":141,"minecraft:crouch_one_cm":8505,"minecraft:play_time":163997,"minecraft:sneak_time":5176,"minecraft:walk_under_water_one_cm":1940,"minecraft:jump":993,"minecraft:walk_on_water_one_cm":1977,"minecraft:total_world_time":163997,"minecraft:fall_one_cm":24954},"minecraft:mined":{"minecraft:oak_slab":1,"minecraft:quartz_block":1,"minecraft:jungle_leaves":3,"minecraft:light_gray_terracotta":2,"minecraft:torch":3,"minecraft:ladder":1,"minecraft:grass_block":3,"minecraft:white_stained_glass_pane":2,"minecraft:glass":1,"minecraft:copper_ore":12,"minecraft:cobblestone":5,"minecraft:spruce_leaves":5,"minecraft:moss_block":4,"minecraft:oak_wall_sign":1,"minecraft:wall_torch":5,"minecraft:light_blue_stained_glass":8,"minecraft:smooth_stone":1,"minecraft:lime_bed":2,"minecraft:smooth_stone_slab":1,"k_turrets:titanium_ore":4,"minecraft:coal_ore":6,"minecraft:gravel":99,"minecraft:sand":15,"minecraft:dirt":2,"minecraft:stone":401,"minecraft:oak_leaves":11,"table_top_craft:chess_piece_figure":2},"minecraft:crafted":{"minecraft:oak_slab":30,"minecraft:smooth_stone_slab":2,"minecraft:stone":3,"minecraft:stick":12,"minecraft:armor_stand":1,"minecraft:stonecutter":1,"minecraft:torch":32,"minecraft:lapis_lazuli":9,"minecraft:lapis_block":1},"minecraft:picked_up":{"minecraft:lime_bed":2,"minecraft:feather":2,"minecraft:chicken":2,"minecraft:ladder":1,"projectvibrantjourneys:fallen_leaves":1,"table_top_craft:chess_piece_figure":10,"minecraft:flint":12,"max_armory:diamond_katana":1,"minecraft:gunpowder":7,"minecraft:string":2,"minecraft:dirt":5,"marbledsarsenal:helmet_cm6m_gas_mask":1,"minecraft:raw_copper":70,"minecraft:smooth_stone_slab":1,"minecraft:armor_stand":2,"minecraft:bone":8,"minecraft:oak_sign":7,"minecraft:gray_terracotta":1,"minecraft:smooth_stone":1,"minecraft:wheat_seeds":3,"alexsmobs:banana":1,"minecraft:bucket":1,"minecraft:moss_block":2,"minecraft:chest":4,"minecraft:phantom_membrane":1,"minecraft:egg":24,"minecraft:dark_oak_door":1,"minecraft:oak_slab":1,"minecraft:stick":4,"minecraft:torch":9,"minecraft:gravel":87,"minecraft:sand":16,"pointblank:gunmetal_nugget":57,"tacz:attachment":2,"minecraft:spider_eye":1,"marbledsarsenal:helmet_cm8m_gas_mask":1,"usefulbackpacks:backpack_large":2,"minecraft:quartz_block":12,"minecraft:light_gray_terracotta":2,"minecraft:rotten_flesh":56,"k_turrets:raw_titanium":8,"minecraft:golden_apple":1,"minecraft:oak_sapling":5,"minecraft:coal":9,"minecraft:ender_pearl":1,"minecraft:cobblestone":398},"minecraft:dropped":{"usefulbackpacks:backpack_large":1,"minecraft:light_gray_terracotta":2,"minecraft:cobblestone":20,"minecraft:rotten_flesh":1,"marbledsarsenal:helmet_cm8m_gas_mask":1,"minecraft:oak_sign":2,"pointblank:gunmetal_nugget":24,"max_armory:diamond_katana":1,"minecraft:gray_terracotta":1,"minecraft:chest":64,"minecraft:sand":10,"tacz:attachment":2},"minecraft:used":{"minecraft:cobbled_deepslate_wall":115,"minecraft:moss_block":2,"minecraft:oak_fence":29,"minecraft:oak_trapdoor":1,"minecraft:cow_spawn_egg":10,"table_top_craft:chess_piece_figure":17,"minecraft:armor_stand":3,"minecraft:oak_sign":3,"minecraft:chest":3,"minecraft:stonecutter":1,"minecraft:torch":61,"minecraft:golden_apple":4,"minecraft:dirt":4,"minecraft:oak_slab":27,"minecraft:lime_bed":2,"minecraft:oak_fence_gate":6,"minecraft:dark_oak_door":1,"minecraft:deepslate_tile_wall":1,"minecraft:diamond_pickaxe":435,"minecraft:apple":3,"minecraft:diamond_shovel":51,"minecraft:grass_block":201,"minecraft:bread":2,"minecraft:quartz_block":3,"minecraft:pig_spawn_egg":7,"minecraft:chicken_spawn_egg":30,"minecraft:deepslate":80,"minecraft:cobblestone":47,"max_armory:diamond_katana":149,"alexsmobs:banana":1,"minecraft:smooth_stone_slab":2,"minecraft:cooked_beef":9,"minecraft:smooth_stone":1}},"DataVersion":3465}