{"stats":{"minecraft:killed":{"minecraft:zombie":10},"minecraft:custom":{"minecraft:time_since_rest":55997,"minecraft:sprint_one_cm":43237,"minecraft:damage_taken":38,"minecraft:walk_one_cm":192828,"minecraft:mob_kills":10,"minecraft:drop":3,"minecraft:damage_dealt":1137,"minecraft:fly_one_cm":116236,"minecraft:interact_with_crafting_table":2,"minecraft:open_chest":52,"minecraft:crouch_one_cm":3708,"minecraft:play_time":55997,"minecraft:sneak_time":1851,"minecraft:jump":278,"minecraft:damage_dealt_resisted":52,"minecraft:time_since_death":55997,"minecraft:total_world_time":55997,"minecraft:climb_one_cm":2367,"minecraft:fall_one_cm":1293},"minecraft:mined":{"minecraft:torch":1,"k_turrets:titanium_ore":4,"minecraft:coal_ore":6,"minecraft:gravel":83,"minecraft:dirt":1,"minecraft:copper_ore":9,"minecraft:stone":225,"minecraft:wall_torch":1},"minecraft:crafted":{"minecraft:stick":4,"minecraft:torch":16},"minecraft:picked_up":{"minecraft:stick":2,"minecraft:chicken":1,"projectvibrantjourneys:fallen_leaves":1,"minecraft:torch":2,"minecraft:gravel":72,"minecraft:flint":11,"pointblank:gunmetal_nugget":6,"max_armory:diamond_katana":1,"marbledsarsenal:helmet_cm8m_gas_mask":1,"minecraft:dirt":1,"marbledsarsenal:helmet_cm6m_gas_mask":1,"minecraft:raw_copper":54,"minecraft:rotten_flesh":3,"minecraft:wheat_seeds":3,"alexsmobs:banana":1,"k_turrets:raw_titanium":8,"minecraft:bucket":1,"minecraft:oak_sapling":5,"minecraft:chest":4,"minecraft:coal":9,"minecraft:cobblestone":218},"minecraft:dropped":{"max_armory:diamond_katana":1,"minecraft:chest":64,"marbledsarsenal:helmet_cm8m_gas_mask":1},"minecraft:used":{"minecraft:cobbled_deepslate_wall":115,"minecraft:oak_fence":29,"minecraft:diamond_pickaxe":245,"minecraft:cow_spawn_egg":10,"minecraft:diamond_shovel":51,"minecraft:grass_block":201,"minecraft:pig_spawn_egg":7,"minecraft:chicken_spawn_egg":30,"minecraft:deepslate":80,"minecraft:torch":38,"minecraft:cobblestone":18,"max_armory:diamond_katana":27,"minecraft:cooked_beef":1,"minecraft:oak_fence_gate":6,"minecraft:deepslate_tile_wall":1}},"DataVersion":3465}