{"stats":{"minecraft:killed":{"minecraft:zombie":16},"minecraft:custom":{"minecraft:mob_kills":16,"minecraft:interact_with_anvil":2,"minecraft:interact_with_crafting_table":7,"minecraft:damage_dealt_resisted":52,"minecraft:time_since_death":91997,"minecraft:sleep_in_bed":3,"minecraft:climb_one_cm":10222,"minecraft:time_since_rest":9789,"minecraft:sprint_one_cm":104171,"minecraft:damage_taken":50,"minecraft:walk_one_cm":357682,"minecraft:drop":8,"minecraft:damage_dealt":2775,"minecraft:fly_one_cm":122828,"minecraft:open_chest":89,"minecraft:crouch_one_cm":7385,"minecraft:play_time":91997,"minecraft:sneak_time":3963,"minecraft:jump":378,"minecraft:total_world_time":91997,"minecraft:fall_one_cm":4194},"minecraft:mined":{"minecraft:torch":3,"minecraft:ladder":1,"minecraft:grass_block":2,"minecraft:copper_ore":12,"minecraft:cobblestone":5,"minecraft:oak_wall_sign":1,"minecraft:wall_torch":2,"minecraft:lime_bed":1,"k_turrets:titanium_ore":4,"minecraft:coal_ore":6,"minecraft:gravel":99,"minecraft:dirt":2,"minecraft:stone":363,"minecraft:oak_leaves":1},"minecraft:crafted":{"minecraft:oak_slab":30,"minecraft:stick":4,"minecraft:torch":24,"minecraft:lapis_lazuli":9,"minecraft:lapis_block":1},"minecraft:picked_up":{"minecraft:lime_bed":1,"minecraft:chicken":1,"minecraft:ladder":1,"projectvibrantjourneys:fallen_leaves":1,"table_top_craft:chess_piece_figure":9,"minecraft:flint":12,"max_armory:diamond_katana":1,"minecraft:gunpowder":3,"minecraft:dirt":4,"marbledsarsenal:helmet_cm6m_gas_mask":1,"minecraft:raw_copper":70,"minecraft:bone":2,"minecraft:oak_sign":7,"minecraft:wheat_seeds":3,"alexsmobs:banana":1,"minecraft:bucket":1,"minecraft:chest":4,"minecraft:phantom_membrane":1,"minecraft:dark_oak_door":1,"minecraft:stick":2,"minecraft:torch":5,"minecraft:gravel":87,"pointblank:gunmetal_nugget":17,"tacz:attachment":2,"marbledsarsenal:helmet_cm8m_gas_mask":1,"usefulbackpacks:backpack_large":2,"minecraft:rotten_flesh":17,"k_turrets:raw_titanium":8,"minecraft:oak_sapling":5,"minecraft:coal":9,"minecraft:cobblestone":363},"minecraft:dropped":{"usefulbackpacks:backpack_large":1,"marbledsarsenal:helmet_cm8m_gas_mask":1,"minecraft:oak_sign":2,"max_armory:diamond_katana":1,"minecraft:chest":64,"tacz:attachment":2},"minecraft:used":{"minecraft:cobbled_deepslate_wall":115,"minecraft:oak_fence":29,"minecraft:oak_trapdoor":1,"minecraft:cow_spawn_egg":10,"table_top_craft:chess_piece_figure":13,"minecraft:oak_sign":3,"minecraft:chest":2,"minecraft:torch":55,"minecraft:dirt":3,"minecraft:oak_slab":26,"minecraft:lime_bed":1,"minecraft:oak_fence_gate":6,"minecraft:dark_oak_door":1,"minecraft:deepslate_tile_wall":1,"minecraft:diamond_pickaxe":391,"minecraft:diamond_shovel":51,"minecraft:grass_block":201,"minecraft:pig_spawn_egg":7,"minecraft:chicken_spawn_egg":30,"minecraft:deepslate":80,"minecraft:cobblestone":31,"max_armory:diamond_katana":51,"minecraft:cooked_beef":2,"minecraft:smooth_stone":1}},"DataVersion":3465}