{"stats":{"minecraft:killed":{"minecraft:zombie":14},"minecraft:custom":{"minecraft:time_since_rest":67997,"minecraft:sprint_one_cm":53429,"minecraft:damage_taken":38,"minecraft:walk_one_cm":238845,"minecraft:mob_kills":14,"minecraft:drop":4,"minecraft:damage_dealt":1925,"minecraft:fly_one_cm":116639,"minecraft:interact_with_crafting_table":2,"minecraft:open_chest":56,"minecraft:crouch_one_cm":6797,"minecraft:play_time":67997,"minecraft:sneak_time":3641,"minecraft:jump":278,"minecraft:damage_dealt_resisted":52,"minecraft:time_since_death":67997,"minecraft:total_world_time":67997,"minecraft:climb_one_cm":2367,"minecraft:fall_one_cm":1293},"minecraft:mined":{"minecraft:lime_bed":1,"minecraft:torch":1,"k_turrets:titanium_ore":4,"minecraft:coal_ore":6,"minecraft:gravel":99,"minecraft:dirt":1,"minecraft:copper_ore":9,"minecraft:cobblestone":1,"minecraft:stone":344,"minecraft:oak_wall_sign":1,"minecraft:wall_torch":1},"minecraft:crafted":{"minecraft:stick":4,"minecraft:torch":24},"minecraft:picked_up":{"minecraft:lime_bed":1,"minecraft:stick":2,"minecraft:chicken":1,"table_top_craft:chess_piece_figure":9,"projectvibrantjourneys:fallen_leaves":1,"minecraft:torch":2,"minecraft:gravel":87,"minecraft:flint":12,"pointblank:gunmetal_nugget":6,"max_armory:diamond_katana":1,"marbledsarsenal:helmet_cm8m_gas_mask":1,"minecraft:dirt":1,"marbledsarsenal:helmet_cm6m_gas_mask":1,"minecraft:raw_copper":54,"minecraft:rotten_flesh":3,"minecraft:oak_sign":7,"minecraft:wheat_seeds":3,"alexsmobs:banana":1,"k_turrets:raw_titanium":8,"minecraft:bucket":1,"minecraft:oak_sapling":5,"minecraft:chest":4,"minecraft:coal":9,"minecraft:cobblestone":339},"minecraft:dropped":{"max_armory:diamond_katana":1,"minecraft:chest":64,"marbledsarsenal:helmet_cm8m_gas_mask":1,"minecraft:oak_sign":1},"minecraft:used":{"minecraft:cobbled_deepslate_wall":115,"minecraft:oak_fence":29,"minecraft:diamond_pickaxe":365,"minecraft:cow_spawn_egg":10,"minecraft:diamond_shovel":51,"table_top_craft:chess_piece_figure":13,"minecraft:grass_block":201,"minecraft:pig_spawn_egg":7,"minecraft:oak_sign":3,"minecraft:chicken_spawn_egg":30,"minecraft:deepslate":80,"minecraft:torch":49,"minecraft:cobblestone":31,"minecraft:lime_bed":1,"max_armory:diamond_katana":38,"minecraft:cooked_beef":1,"minecraft:smooth_stone":1,"minecraft:oak_fence_gate":6,"minecraft:deepslate_tile_wall":1}},"DataVersion":3465}