{"stats":{"minecraft:killed":{"minecraft:zombie_villager":1,"minecraft:zombie":62,"alexsmobs:gazelle":1,"alexsmobs:fly":2,"minecraft:cow":2},"minecraft:custom":{"minecraft:interact_with_anvil":2,"minecraft:mob_kills":68,"minecraft:interact_with_crafting_table":21,"minecraft:damage_dealt_resisted":276,"minecraft:time_since_death":199997,"minecraft:climb_one_cm":45423,"minecraft:sprint_one_cm":309474,"minecraft:walk_one_cm":951045,"minecraft:drop":15,"minecraft:damage_dealt_absorbed":19,"minecraft:play_time":199997,"minecraft:sneak_time":6686,"minecraft:walk_under_water_one_cm":1940,"minecraft:jump":1174,"minecraft:walk_on_water_one_cm":3969,"minecraft:total_world_time":199997,"minecraft:interact_with_furnace":16,"minecraft:play_record":5,"minecraft:interact_with_stonecutter":1,"minecraft:sleep_in_bed":3,"minecraft:time_since_rest":117789,"minecraft:damage_taken":975,"minecraft:damage_absorbed":72,"minecraft:damage_dealt":11181,"minecraft:fly_one_cm":171838,"minecraft:swim_one_cm":9907,"minecraft:open_chest":186,"minecraft:crouch_one_cm":9551,"minecraft:fall_one_cm":29098},"minecraft:mined":{"minecraft:jungle_leaves":3,"minecraft:ladder":1,"minecraft:acacia_log":2,"minecraft:grass_block":3,"minecraft:spruce_leaves":5,"minecraft:moss_block":4,"minecraft:oak_wall_sign":1,"minecraft:light_blue_stained_glass":8,"minecraft:smooth_stone":1,"minecraft:stone":453,"fastpaintings:painting":21,"minecraft:oak_slab":2,"minecraft:acacia_leaves":9,"minecraft:quartz_block":1,"minecraft:torch":3,"minecraft:light_gray_terracotta":2,"minecraft:white_stained_glass_pane":2,"minecraft:glass":1,"minecraft:cobblestone":10,"minecraft:copper_ore":12,"minecraft:wall_torch":5,"minecraft:lime_bed":2,"minecraft:smooth_stone_slab":1,"k_turrets:titanium_ore":4,"minecraft:coal_ore":6,"minecraft:oak_log":8,"minecraft:gravel":100,"minecraft:sand":27,"minecraft:dirt":4,"minecraft:oak_leaves":18,"table_top_craft:chess_piece_figure":2},"minecraft:crafted":{"minecraft:smooth_stone":5,"minecraft:oak_planks":32,"minecraft:smooth_stone_slab":2,"minecraft:jukebox":1,"minecraft:stone":8,"minecraft:item_frame":1,"minecraft:oak_slab":48,"minecraft:painting":1,"minecraft:white_wool":1,"minecraft:golden_apple":2,"minecraft:stick":24,"minecraft:stonecutter":1,"minecraft:armor_stand":1,"minecraft:torch":32,"minecraft:lapis_lazuli":9,"minecraft:lapis_block":1},"minecraft:picked_up":{"minecraft:chicken":2,"minecraft:ladder":1,"marbledsarsenal:swat_armor_chestplate":1,"minecraft:music_disc_cat":1,"effortlessbuilding:elastic_hand":1,"minecraft:string":3,"minecraft:raw_copper":70,"minecraft:smooth_stone_slab":1,"minecraft:armor_stand":3,"minecraft:item_frame":1,"minecraft:oak_sign":7,"alexsmobs:banana":1,"minecraft:smooth_stone":1,"minecraft:bucket":1,"minecraft:beef":3,"minecraft:chest":4,"minecraft:phantom_membrane":1,"minecraft:dark_oak_door":1,"minecraft:egg":40,"minecraft:stick":7,"minecraft:torch":9,"minecraft:acacia_log":2,"pointblank:gunmetal_nugget":78,"tacz:attachment":2,"marbledsarsenal:helmet_cm8m_gas_mask":1,"minecraft:quartz_block":12,"minecraft:rotten_flesh":63,"k_turrets:raw_titanium":8,"minecraft:cobblestone":419,"minecraft:lime_bed":2,"minecraft:feather":2,"table_top_craft:chess_piece_figure":10,"projectvibrantjourneys:fallen_leaves":1,"minecraft:leather":2,"alexsmobs:acacia_blossom":1,"marbledsarsenal:swat_armor_boots":1,"minecraft:flint":12,"max_armory:diamond_katana":1,"minecraft:oak_log":8,"minecraft:gunpowder":18,"marbledsarsenal:helmet_cm6m_gas_mask":2,"minecraft:dirt":7,"create:small_deepslate_bricks":1,"minecraft:bone":8,"ecologics:music_disc_coconut":1,"minecraft:gray_terracotta":1,"minecraft:wheat_seeds":3,"minecraft:moss_block":2,"minecraft:acacia_sapling":2,"minecraft:oak_slab":2,"minecraft:music_disc_13":3,"marbledsarsenal:swat_armor_leggings":1,"minecraft:gravel":88,"minecraft:sand":30,"minecraft:spider_eye":2,"usefulbackpacks:backpack_large":2,"minecraft:light_gray_terracotta":2,"minecraft:diamond_axe":1,"minecraft:painting":28,"minecraft:golden_apple":1,"alexsmobs:maggot":1,"minecraft:oak_sapling":7,"minecraft:coal":9,"minecraft:ender_pearl":1},"minecraft:dropped":{"minecraft:cobblestone":20,"marbledsarsenal:helmet_cm8m_gas_mask":1,"minecraft:sand":10,"usefulbackpacks:backpack_large":1,"minecraft:light_gray_terracotta":2,"minecraft:rotten_flesh":1,"minecraft:oak_sign":2,"pointblank:gunmetal_nugget":28,"max_armory:diamond_katana":1,"minecraft:gray_terracotta":1,"minecraft:chest":64,"tacz:attachment":2},"minecraft:used":{"minecraft:oak_trapdoor":1,"minecraft:oak_fence":29,"minecraft:moss_block":2,"minecraft:armor_stand":4,"minecraft:oak_sign":3,"minecraft:chest":3,"create:small_deepslate_bricks":1,"minecraft:torch":65,"minecraft:dirt":16,"minecraft:music_disc_13":3,"minecraft:oak_fence_gate":6,"minecraft:grass_block":201,"minecraft:quartz_block":3,"minecraft:chicken_spawn_egg":30,"minecraft:item_frame":2,"alexsmobs:banana":1,"minecraft:egg":40,"minecraft:cooked_beef":9,"minecraft:cobbled_deepslate_wall":115,"minecraft:water_bucket":2,"minecraft:cow_spawn_egg":10,"table_top_craft:chess_piece_figure":17,"minecraft:stonecutter":1,"minecraft:diamond_axe":20,"minecraft:golden_apple":6,"ecologics:music_disc_coconut":1,"minecraft:music_disc_cat":1,"minecraft:oak_slab":41,"minecraft:lime_bed":2,"minecraft:painting":29,"minecraft:dark_oak_door":1,"minecraft:deepslate_tile_wall":1,"minecraft:diamond_pickaxe":497,"minecraft:apple":3,"minecraft:diamond_shovel":51,"minecraft:bread":6,"minecraft:pig_spawn_egg":7,"minecraft:deepslate":80,"minecraft:gravel":1,"minecraft:cobblestone":66,"max_armory:diamond_katana":185,"minecraft:bucket":2,"minecraft:smooth_stone_slab":2,"minecraft:jukebox":1,"minecraft:smooth_stone":6}},"DataVersion":3465}