{"stats":{"minecraft:killed":{"minecraft:zombie":2},"minecraft:custom":{"minecraft:time_since_rest":31997,"minecraft:open_chest":11,"minecraft:crouch_one_cm":3614,"minecraft:play_time":31997,"minecraft:sprint_one_cm":29783,"minecraft:walk_one_cm":102454,"minecraft:sneak_time":1730,"minecraft:mob_kills":2,"minecraft:jump":117,"minecraft:time_since_death":31997,"minecraft:climb_one_cm":1,"minecraft:total_world_time":31997,"minecraft:fly_one_cm":110841},"minecraft:picked_up":{"minecraft:stick":2,"minecraft:chicken":1,"projectvibrantjourneys:fallen_leaves":1,"minecraft:wheat_seeds":3,"alexsmobs:banana":1,"minecraft:oak_sapling":5},"minecraft:used":{"minecraft:cobbled_deepslate_wall":115,"minecraft:oak_fence":29,"minecraft:torch":25,"minecraft:cow_spawn_egg":10,"minecraft:diamond_shovel":51,"minecraft:grass_block":201,"minecraft:pig_spawn_egg":7,"minecraft:chicken_spawn_egg":30,"minecraft:deepslate":80,"minecraft:oak_fence_gate":6,"minecraft:deepslate_tile_wall":1}},"DataVersion":3465}