{"stats":{"minecraft:killed":{"minecraft:zombie_villager":1,"minecraft:zombie":66,"alexsmobs:gazelle":1,"alexsmobs:fly":2,"minecraft:cow":2},"minecraft:custom":{"minecraft:interact_with_anvil":2,"minecraft:mob_kills":72,"minecraft:interact_with_crafting_table":21,"minecraft:damage_dealt_resisted":276,"minecraft:time_since_death":229997,"minecraft:climb_one_cm":46215,"minecraft:sprint_one_cm":357889,"minecraft:walk_one_cm":1093805,"minecraft:drop":15,"minecraft:damage_dealt_absorbed":19,"minecraft:play_time":229997,"minecraft:sneak_time":8133,"minecraft:walk_under_water_one_cm":3555,"minecraft:jump":1450,"minecraft:walk_on_water_one_cm":7810,"minecraft:total_world_time":229997,"minecraft:interact_with_furnace":33,"minecraft:play_record":5,"minecraft:interact_with_stonecutter":3,"minecraft:sleep_in_bed":3,"minecraft:time_since_rest":147789,"minecraft:damage_taken":975,"minecraft:damage_absorbed":72,"minecraft:damage_dealt":11623,"minecraft:fly_one_cm":177187,"minecraft:swim_one_cm":10252,"minecraft:open_chest":197,"minecraft:crouch_one_cm":12999,"minecraft:fall_one_cm":31666},"minecraft:mined":{"minecraft:jungle_leaves":3,"projectvibrantjourneys:rocks":1,"psg:sulphur_ore":3,"minecraft:ladder":1,"minecraft:acacia_log":2,"minecraft:grass_block":3,"minecraft:spruce_leaves":5,"minecraft:moss_block":5,"minecraft:oak_wall_sign":1,"minecraft:chiseled_stone_bricks":1,"minecraft:light_blue_stained_glass":8,"minecraft:smooth_stone":5,"minecraft:iron_ore":30,"minecraft:stone":552,"fastpaintings:painting":22,"minecraft:oak_slab":3,"minecraft:acacia_leaves":9,"minecraft:quartz_block":1,"minecraft:clay":1,"minecraft:torch":3,"minecraft:light_gray_terracotta":2,"minecraft:white_stained_glass_pane":2,"minecraft:tall_grass":1,"minecraft:glass":1,"minecraft:cobblestone":29,"minecraft:copper_ore":14,"minecraft:wall_torch":7,"minecraft:lime_bed":2,"minecraft:smooth_stone_slab":2,"k_turrets:titanium_ore":6,"overworld_netherite_ore:ancient_debris_ore":3,"minecraft:coal_ore":97,"minecraft:oak_log":8,"minecraft:gravel":117,"minecraft:sand":27,"minecraft:dirt":12,"minecraft:oak_leaves":18,"table_top_craft:chess_piece_figure":2},"minecraft:crafted":{"minecraft:smooth_stone":10,"minecraft:oak_planks":32,"minecraft:smooth_stone_slab":2,"minecraft:jukebox":1,"minecraft:stone":61,"minecraft:chiseled_stone_bricks":1,"minecraft:item_frame":1,"minecraft:oak_slab":48,"minecraft:painting":1,"minecraft:white_wool":1,"minecraft:golden_apple":2,"minecraft:stick":24,"minecraft:stonecutter":1,"minecraft:armor_stand":1,"minecraft:torch":32,"minecraft:lapis_lazuli":9,"minecraft:lapis_block":1},"minecraft:picked_up":{"minecraft:chicken":2,"minecraft:ladder":1,"minecraft:clay_ball":4,"marbledsarsenal:swat_armor_chestplate":1,"minecraft:music_disc_cat":1,"effortlessbuilding:elastic_hand":1,"minecraft:string":3,"minecraft:moss_carpet":1,"minecraft:raw_copper":77,"minecraft:smooth_stone_slab":2,"minecraft:armor_stand":4,"minecraft:item_frame":1,"minecraft:oak_sign":7,"alexsmobs:banana":1,"minecraft:smooth_stone":5,"minecraft:bucket":1,"minecraft:beef":3,"minecraft:chest":4,"minecraft:phantom_membrane":1,"minecraft:dark_oak_door":1,"minecraft:egg":40,"minecraft:stick":7,"minecraft:raw_iron":55,"minecraft:torch":12,"minecraft:acacia_log":2,"psg:sulphur":22,"pointblank:gunmetal_nugget":85,"tacz:attachment":2,"marbledsarsenal:helmet_cm8m_gas_mask":1,"minecraft:quartz_block":13,"minecraft:rotten_flesh":69,"minecraft:tropical_fish":60,"k_turrets:raw_titanium":10,"minecraft:cobblestone":528,"minecraft:lime_bed":2,"minecraft:feather":2,"table_top_craft:chess_piece_figure":10,"projectvibrantjourneys:fallen_leaves":1,"minecraft:leather":2,"alexsmobs:acacia_blossom":1,"marbledsarsenal:swat_armor_boots":1,"minecraft:flint":13,"max_armory:diamond_katana":1,"minecraft:oak_log":8,"minecraft:gunpowder":18,"marbledsarsenal:helmet_cm6m_gas_mask":2,"minecraft:dirt":14,"create:small_deepslate_bricks":1,"minecraft:bone":9,"ecologics:music_disc_coconut":2,"minecraft:gray_terracotta":1,"minecraft:wheat_seeds":3,"minecraft:moss_block":3,"minecraft:acacia_sapling":2,"minecraft:oak_slab":3,"minecraft:music_disc_13":3,"marbledsarsenal:swat_armor_leggings":1,"minecraft:chiseled_stone_bricks":1,"minecraft:gravel":103,"minecraft:sand":30,"overworld_netherite_ore:large_ancient_shard":1,"minecraft:spider_eye":2,"usefulbackpacks:backpack_large":2,"minecraft:light_gray_terracotta":2,"minecraft:diamond_axe":1,"minecraft:painting":34,"minecraft:golden_apple":1,"alexsmobs:maggot":1,"minecraft:oak_sapling":7,"minecraft:coal":128,"minecraft:ender_pearl":1},"minecraft:dropped":{"minecraft:cobblestone":20,"marbledsarsenal:helmet_cm8m_gas_mask":1,"minecraft:sand":10,"usefulbackpacks:backpack_large":1,"minecraft:light_gray_terracotta":2,"minecraft:rotten_flesh":1,"minecraft:oak_sign":2,"pointblank:gunmetal_nugget":28,"max_armory:diamond_katana":1,"minecraft:gray_terracotta":1,"minecraft:chest":64,"tacz:attachment":2},"minecraft:used":{"minecraft:oak_trapdoor":1,"minecraft:oak_fence":29,"minecraft:moss_block":2,"minecraft:armor_stand":5,"minecraft:oak_sign":3,"minecraft:chest":3,"minecraft:stone":46,"minecraft:cooked_chicken":1,"create:small_deepslate_bricks":1,"minecraft:torch":68,"minecraft:dirt":16,"minecraft:music_disc_13":3,"minecraft:oak_fence_gate":6,"minecraft:grass_block":201,"minecraft:quartz_block":3,"minecraft:chicken_spawn_egg":30,"minecraft:item_frame":2,"alexsmobs:banana":1,"minecraft:egg":40,"minecraft:cooked_beef":9,"minecraft:cobbled_deepslate_wall":115,"minecraft:water_bucket":2,"minecraft:cow_spawn_egg":10,"table_top_craft:chess_piece_figure":17,"minecraft:stonecutter":1,"minecraft:diamond_axe":20,"minecraft:golden_apple":6,"ecologics:music_disc_coconut":1,"minecraft:music_disc_cat":1,"minecraft:oak_slab":47,"minecraft:lime_bed":2,"minecraft:painting":35,"minecraft:dark_oak_door":1,"minecraft:deepslate_tile_wall":1,"minecraft:diamond_pickaxe":759,"minecraft:apple":3,"minecraft:diamond_shovel":51,"minecraft:bread":6,"minecraft:pig_spawn_egg":7,"minecraft:deepslate":80,"minecraft:gravel":10,"minecraft:chiseled_stone_bricks":1,"minecraft:cobblestone":101,"max_armory:diamond_katana":196,"minecraft:bucket":2,"minecraft:smooth_stone_slab":3,"minecraft:jukebox":1,"minecraft:smooth_stone":10}},"DataVersion":3465}