{"stats":{"minecraft:killed":{"minecraft:zombie":10},"minecraft:custom":{"minecraft:time_since_rest":43997,"minecraft:sprint_one_cm":34801,"minecraft:damage_taken":28,"minecraft:walk_one_cm":143428,"minecraft:mob_kills":10,"minecraft:drop":3,"minecraft:damage_dealt":1137,"minecraft:fly_one_cm":115284,"minecraft:interact_with_crafting_table":1,"minecraft:open_chest":38,"minecraft:crouch_one_cm":3708,"minecraft:play_time":43997,"minecraft:sneak_time":1851,"minecraft:jump":251,"minecraft:damage_dealt_resisted":52,"minecraft:time_since_death":43997,"minecraft:total_world_time":43997,"minecraft:climb_one_cm":1303,"minecraft:fall_one_cm":211},"minecraft:mined":{"minecraft:torch":1},"minecraft:picked_up":{"minecraft:stick":2,"minecraft:chicken":1,"projectvibrantjourneys:fallen_leaves":1,"minecraft:torch":1,"pointblank:gunmetal_nugget":6,"max_armory:diamond_katana":1,"marbledsarsenal:helmet_cm8m_gas_mask":1,"marbledsarsenal:helmet_cm6m_gas_mask":1,"minecraft:rotten_flesh":3,"minecraft:wheat_seeds":3,"alexsmobs:banana":1,"minecraft:bucket":1,"minecraft:oak_sapling":5,"minecraft:chest":4},"minecraft:dropped":{"max_armory:diamond_katana":1,"minecraft:chest":64,"marbledsarsenal:helmet_cm8m_gas_mask":1},"minecraft:used":{"minecraft:cobbled_deepslate_wall":115,"minecraft:oak_fence":29,"minecraft:cow_spawn_egg":10,"minecraft:diamond_shovel":51,"minecraft:grass_block":201,"minecraft:pig_spawn_egg":7,"minecraft:chicken_spawn_egg":30,"minecraft:deepslate":80,"minecraft:torch":30,"max_armory:diamond_katana":27,"minecraft:cooked_beef":1,"minecraft:oak_fence_gate":6,"minecraft:deepslate_tile_wall":1}},"DataVersion":3465}