{"stats":{"minecraft:custom":{"minecraft:jump":23,"minecraft:open_chest":11,"minecraft:time_since_rest":7997,"minecraft:crouch_one_cm":2129,"minecraft:sprint_one_cm":22622,"minecraft:play_time":7997,"minecraft:time_since_death":7997,"minecraft:walk_one_cm":28996,"minecraft:sneak_time":632,"minecraft:total_world_time":7997,"minecraft:fly_one_cm":38711},"minecraft:picked_up":{"minecraft:wheat_seeds":1,"alexsmobs:banana":1},"minecraft:used":{"minecraft:deepslate":71,"minecraft:grass_block":80}},"DataVersion":3465}