{"stats":{"minecraft:killed":{"alexsmobs:gorilla":1,"minecraft:pig":4,"minecraft:zombie_villager":3,"minecraft:zombie":123,"alexsmobs:gazelle":1,"alexsmobs:fly":2,"minecraft:cow":2},"minecraft:custom":{"minecraft:interact_with_anvil":2,"minecraft:mob_kills":136,"minecraft:animals_bred":36,"minecraft:interact_with_crafting_table":23,"minecraft:damage_dealt_resisted":379,"minecraft:time_since_death":265997,"minecraft:climb_one_cm":46852,"minecraft:sprint_one_cm":451739,"minecraft:walk_one_cm":1234261,"minecraft:drop":17,"minecraft:damage_dealt_absorbed":19,"minecraft:play_time":265997,"minecraft:sneak_time":11508,"minecraft:walk_under_water_one_cm":4929,"minecraft:jump":1745,"minecraft:walk_on_water_one_cm":11019,"minecraft:total_world_time":265997,"minecraft:interact_with_furnace":44,"minecraft:play_record":5,"minecraft:interact_with_stonecutter":3,"minecraft:sleep_in_bed":3,"minecraft:time_since_rest":183789,"minecraft:damage_taken":1102,"minecraft:damage_absorbed":72,"minecraft:damage_dealt":18724,"minecraft:fly_one_cm":206145,"minecraft:swim_one_cm":19133,"minecraft:open_chest":234,"minecraft:crouch_one_cm":15024,"minecraft:interact_with_smoker":2,"minecraft:fall_one_cm":37922},"minecraft:mined":{"minecraft:deepslate_diamond_ore":8,"minecraft:jungle_leaves":3,"projectvibrantjourneys:rocks":1,"psg:sulphur_ore":12,"minecraft:ladder":1,"minecraft:acacia_log":2,"minecraft:grass_block":3,"minecraft:spruce_leaves":5,"minecraft:moss_block":5,"minecraft:oak_wall_sign":1,"minecraft:chiseled_stone_bricks":1,"minecraft:light_blue_stained_glass":8,"minecraft:smooth_stone":5,"minecraft:iron_ore":34,"minecraft:deepslate_iron_ore":11,"minecraft:stone":572,"fastpaintings:painting":25,"minecraft:oak_slab":3,"minecraft:acacia_leaves":9,"minecraft:quartz_block":1,"minecraft:clay":1,"minecraft:torch":5,"minecraft:light_gray_terracotta":2,"minecraft:white_stained_glass_pane":2,"minecraft:tall_grass":2,"minecraft:glass":1,"minecraft:cobblestone":36,"minecraft:copper_ore":14,"minecraft:deepslate_gold_ore":3,"minecraft:wall_torch":11,"minecraft:lime_bed":2,"projectvibrantjourneys:bones":1,"minecraft:smooth_stone_slab":2,"minecraft:grass":3,"k_turrets:titanium_ore":6,"overworld_netherite_ore:ancient_debris_ore":3,"minecraft:coal_ore":108,"minecraft:oak_log":8,"minecraft:gravel":117,"minecraft:sand":27,"minecraft:dirt":13,"minecraft:deepslate":2,"minecraft:gold_ore":7,"minecraft:oak_leaves":18,"table_top_craft:chess_piece_figure":4},"minecraft:crafted":{"minecraft:smooth_stone":10,"minecraft:oak_planks":32,"minecraft:smooth_stone_slab":2,"minecraft:jukebox":1,"minecraft:stone":112,"minecraft:chiseled_stone_bricks":1,"minecraft:wheat":18,"minecraft:cooked_beef":3,"minecraft:coal_block":14,"minecraft:item_frame":1,"minecraft:oak_slab":48,"minecraft:cooked_porkchop":7,"minecraft:baked_potato":30,"minecraft:painting":1,"minecraft:white_wool":1,"minecraft:golden_apple":3,"minecraft:stick":24,"minecraft:stonecutter":1,"minecraft:armor_stand":1,"minecraft:torch":32,"minecraft:lapis_lazuli":9,"minecraft:lapis_block":1},"minecraft:picked_up":{"minecraft:chicken":4,"minecraft:ladder":1,"minecraft:clay_ball":4,"marbledsarsenal:swat_armor_chestplate":1,"minecraft:music_disc_cat":1,"effortlessbuilding:elastic_hand":1,"minecraft:string":5,"minecraft:moss_carpet":1,"minecraft:raw_copper":77,"minecraft:smooth_stone_slab":2,"minecraft:armor_stand":4,"minecraft:item_frame":1,"minecraft:oak_sign":7,"minecraft:cobbled_deepslate":2,"alexsmobs:banana":1,"minecraft:smooth_stone":5,"minecraft:bucket":1,"minecraft:beef":3,"minecraft:chest":4,"minecraft:phantom_membrane":2,"minecraft:dark_oak_door":1,"minecraft:egg":54,"minecraft:stick":7,"minecraft:raw_iron":84,"minecraft:torch":18,"minecraft:acacia_log":2,"minecraft:porkchop":7,"psg:sulphur":79,"pointblank:gunmetal_nugget":119,"tacz:attachment":2,"marbledsarsenal:helmet_cm8m_gas_mask":1,"minecraft:quartz_block":13,"minecraft:rotten_flesh":118,"minecraft:tropical_fish":66,"k_turrets:raw_titanium":10,"minecraft:cobblestone":555,"minecraft:lime_bed":2,"minecraft:feather":5,"table_top_craft:chess_piece_figure":13,"projectvibrantjourneys:fallen_leaves":1,"minecraft:leather":2,"alexsmobs:acacia_blossom":1,"marbledsarsenal:swat_armor_boots":1,"minecraft:flint":13,"max_armory:diamond_katana":1,"minecraft:oak_log":8,"minecraft:gunpowder":22,"marbledsarsenal:helmet_cm6m_gas_mask":2,"minecraft:dirt":15,"create:small_deepslate_bricks":1,"minecraft:bone":17,"ecologics:music_disc_coconut":2,"minecraft:gray_terracotta":1,"minecraft:wheat_seeds":3,"minecraft:raw_gold":19,"minecraft:moss_block":3,"minecraft:acacia_sapling":2,"minecraft:oak_slab":3,"minecraft:music_disc_13":3,"marbledsarsenal:swat_armor_leggings":1,"minecraft:chiseled_stone_bricks":1,"minecraft:gravel":103,"minecraft:sand":30,"overworld_netherite_ore:large_ancient_shard":1,"minecraft:spider_eye":5,"usefulbackpacks:backpack_large":2,"minecraft:light_gray_terracotta":2,"minecraft:slime_ball":1,"minecraft:diamond":15,"minecraft:diamond_axe":1,"minecraft:painting":38,"minecraft:bone_meal":1,"minecraft:golden_apple":1,"alexsmobs:maggot":1,"minecraft:oak_sapling":7,"minecraft:coal":144,"minecraft:ender_pearl":2},"minecraft:dropped":{"minecraft:cobblestone":20,"marbledsarsenal:helmet_cm8m_gas_mask":1,"table_top_craft:chess_piece_figure":1,"minecraft:golden_apple":1,"minecraft:sand":10,"usefulbackpacks:backpack_large":1,"minecraft:light_gray_terracotta":2,"minecraft:rotten_flesh":1,"minecraft:oak_sign":2,"pointblank:gunmetal_nugget":28,"max_armory:diamond_katana":1,"minecraft:gray_terracotta":1,"minecraft:chest":64,"tacz:attachment":2},"minecraft:used":{"minecraft:oak_trapdoor":1,"minecraft:oak_fence":29,"minecraft:moss_block":2,"minecraft:armor_stand":5,"minecraft:oak_sign":3,"minecraft:chest":3,"minecraft:stone":54,"minecraft:cooked_chicken":1,"create:small_deepslate_bricks":1,"minecraft:torch":75,"minecraft:dirt":16,"minecraft:music_disc_13":3,"minecraft:oak_fence_gate":6,"minecraft:grass_block":201,"minecraft:quartz_block":3,"minecraft:chicken_spawn_egg":30,"minecraft:item_frame":2,"alexsmobs:banana":1,"minecraft:egg":54,"minecraft:cooked_beef":12,"minecraft:cobbled_deepslate_wall":115,"minecraft:water_bucket":2,"minecraft:cow_spawn_egg":10,"table_top_craft:chess_piece_figure":20,"minecraft:stonecutter":1,"minecraft:diamond_axe":20,"minecraft:golden_apple":6,"ecologics:music_disc_coconut":1,"minecraft:music_disc_cat":1,"minecraft:oak_slab":47,"minecraft:lime_bed":2,"minecraft:painting":39,"minecraft:dark_oak_door":1,"minecraft:deepslate_tile_wall":1,"minecraft:diamond_pickaxe":843,"minecraft:apple":3,"minecraft:diamond_shovel":51,"minecraft:bread":6,"minecraft:pig_spawn_egg":7,"minecraft:deepslate":80,"minecraft:gravel":10,"minecraft:chiseled_stone_bricks":1,"minecraft:cobblestone":104,"minecraft:cooked_porkchop":1,"max_armory:diamond_katana":312,"minecraft:bucket":2,"minecraft:smooth_stone_slab":3,"minecraft:jukebox":1,"minecraft:smooth_stone":10}},"DataVersion":3465}