{"stats":{"minecraft:killed":{"alexsmobs:leafcutter_ant":1,"minecraft:drowned":5,"minecraft:zombie_villager":7,"alexsmobs:emu":1,"minecraft:zombie":190,"alexsmobs:fly":14,"mutantmonsters:mutant_zombie":1},"minecraft:custom":{"minecraft:interact_with_anvil":2,"minecraft:mob_kills":219,"minecraft:interact_with_crafting_table":50,"minecraft:fill_cauldron":41,"minecraft:damage_dealt_resisted":218,"minecraft:time_since_death":264316,"minecraft:climb_one_cm":52881,"minecraft:sprint_one_cm":586224,"minecraft:walk_one_cm":807439,"minecraft:drop":35,"minecraft:damage_dealt_absorbed":42,"minecraft:play_time":264316,"minecraft:sneak_time":15177,"minecraft:walk_under_water_one_cm":13414,"minecraft:jump":1813,"minecraft:interact_with_blast_furnace":46,"minecraft:walk_on_water_one_cm":6927,"minecraft:enchant_item":4,"minecraft:total_world_time":264316,"minecraft:interact_with_furnace":55,"minecraft:interact_with_stonecutter":2,"minecraft:sleep_in_bed":2,"minecraft:time_since_rest":122705,"minecraft:damage_taken":1649,"minecraft:damage_absorbed":162,"minecraft:damage_dealt":26250,"minecraft:fly_one_cm":627229,"minecraft:open_chest":390,"minecraft:crouch_one_cm":20354,"minecraft:interact_with_smoker":10,"minecraft:use_cauldron":39,"minecraft:fall_one_cm":63751},"minecraft:mined":{"minecraft:light_blue_stained_glass_pane":1,"minecraft:blue_stained_glass_pane":2,"minecraft:quartz_stairs":21,"minecraft:deepslate_diamond_ore":21,"minecraft:cobblestone_stairs":5,"minecraft:jungle_leaves":4,"minecraft:potted_cactus":12,"minecraft:brewing_stand":4,"minecraft:grass_block":5,"minecraft:jungle_log":127,"minecraft:white_stained_glass":2,"minecraft:spruce_leaves":1,"minecraft:spawner":9,"minecraft:light_blue_stained_glass":4,"minecraft:polished_blackstone_bricks":1,"minecraft:furnace":1,"minecraft:glowstone":2,"minecraft:iron_ore":117,"minecraft:anvil":2,"minecraft:enchanting_table":3,"minecraft:bookshelf":26,"minecraft:pointed_dripstone":51,"minecraft:deepslate_iron_ore":68,"minecraft:vine":12,"minecraft:iron_bars":8,"minecraft:stone":1180,"create:small_deepslate_bricks":1,"minecraft:gray_terracotta":12,"minecraft:acacia_leaves":1,"minecraft:quartz_block":345,"minecraft:blackstone":24,"minecraft:stone_brick_slab":1,"minecraft:clay":33,"minecraft:torch":28,"minecraft:light_gray_terracotta":18,"minecraft:melon":4,"minecraft:chest":9,"minecraft:tall_grass":2,"minecraft:cobblestone":93,"minecraft:glass":3,"minecraft:copper_ore":27,"minecraft:deepslate_gold_ore":18,"minecraft:lapis_ore":6,"minecraft:cyan_bed":3,"minecraft:oak_planks":2,"minecraft:wall_torch":46,"minecraft:cauldron":21,"minecraft:dark_oak_door":8,"minecraft:quartz_pillar":27,"minecraft:stone_brick_stairs":1,"minecraft:smooth_stone_slab":7,"minecraft:grass":3,"k_turrets:titanium_ore":6,"minecraft:coal_ore":108,"minecraft:dirt":2,"minecraft:gravel":4,"minecraft:dripstone_block":3,"minecraft:cobweb":2,"minecraft:smooth_basalt":1,"minecraft:cracked_stone_bricks":8,"minecraft:polished_blackstone":1,"minecraft:stone_bricks":24,"minecraft:mossy_stone_bricks":3,"minecraft:gold_ore":4,"minecraft:oak_leaves":8,"minecraft:deepslate":210,"table_top_craft:chess_piece_figure":8},"minecraft:crafted":{"minecraft:oak_planks":96,"minecraft:coal":252,"minecraft:cobblestone_stairs":56,"minecraft:stone":71,"minecraft:diamond_shovel":1,"minecraft:quartz_pillar":10,"minecraft:chest":11,"minecraft:coal_block":14,"minecraft:quartz_stairs":10,"minecraft:cauldron":4,"minecraft:diamond_axe":1,"minecraft:baked_potato":24,"minecraft:bucket":20,"minecraft:air":0,"minecraft:jungle_planks":188,"minecraft:diamond_pickaxe":1,"minecraft:golden_apple":8,"minecraft:stick":52,"minecraft:gold_ingot":79,"minecraft:stonecutter":1,"minecraft:torch":208},"minecraft:picked_up":{"minecraft:clay_ball":128,"minecraft:anvil":1,"minecraft:ladder":4,"minecraft:flower_pot":12,"marbledsarsenal:swat_armor_chestplate":2,"minecraft:stone_brick_stairs":1,"minecraft:brewing_stand":4,"minecraft:string":68,"minecraft:raw_copper":171,"minecraft:smooth_stone_slab":44,"tacz:ammo":348,"minecraft:blackstone":24,"minecraft:oak_sign":2,"minecraft:cracked_stone_bricks":14,"minecraft:cobbled_deepslate":203,"minecraft:bucket":6,"minecraft:jungle_sapling":3,"minecraft:melon_slice":44,"minecraft:quartz_stairs":21,"minecraft:chest":8,"minecraft:furnace":1,"minecraft:phantom_membrane":2,"minecraft:dark_oak_door":8,"max_armory:diamond_long_sword":2,"minecraft:stick":4,"minecraft:raw_iron":320,"minecraft:stone":123,"projectvibrantjourneys:bark_mushroom":1,"minecraft:torch":90,"pointblank:gunmetal_nugget":303,"minecraft:polished_blackstone_bricks":3,"tacz:attachment":2,"minecraft:quartz_pillar":37,"minecraft:pointed_dripstone":194,"marbledsarsenal:helmet_cm8m_gas_mask":1,"minecraft:cauldron":33,"mutantmonsters:hulk_hammer":2,"minecraft:quartz_block":644,"minecraft:cactus":11,"minecraft:rotten_flesh":183,"k_turrets:raw_titanium":12,"minecraft:saddle":6,"minecraft:polished_blackstone":4,"minecraft:iron_bars":16,"minecraft:cobblestone":1659,"minecraft:enchanting_table":3,"minecraft:jungle_log":127,"table_top_craft:chess_piece_figure":10,"projectvibrantjourneys:fallen_leaves":1,"minecraft:potato":1,"marbledsarsenal:swat_armor_boots":2,"minecraft:gunpowder":34,"minecraft:cobblestone_stairs":35,"minecraft:lapis_lazuli":35,"create:small_deepslate_bricks":2,"minecraft:dirt":6,"minecraft:name_tag":1,"marbledsarsenal:swat_armor_helmet":1,"minecraft:bone":63,"minecraft:apple":23,"minecraft:stone_bricks":25,"minecraft:gray_terracotta":22,"minecraft:raw_gold":37,"minecraft:iron_ingot":60,"minecraft:mossy_stone_bricks":4,"minecraft:glowstone_dust":3,"minecraft:moss_block":1,"minecraft:oak_planks":4,"minecraft:book":106,"minecraft:smooth_basalt":1,"marbledsarsenal:swat_armor_leggings":2,"minecraft:stone_brick_slab":1,"minecraft:lava_bucket":11,"minecraft:dripstone_block":4,"minecraft:gravel":10,"minecraft:cyan_bed":3,"alexsmobs:animal_dictionary":3,"minecraft:spider_eye":12,"usefulbackpacks:backpack_large":1,"minecraft:light_gray_terracotta":36,"minecraft:pumpkin_seeds":6,"minecraft:slime_ball":9,"minecraft:diamond":37,"tacz:modern_kinetic_gun":4,"minecraft:golden_apple":2,"minecraft:bread":29,"minecraft:baked_potato":22,"alexsmobs:maggot":23,"minecraft:coal":180,"minecraft:ender_pearl":5,"minecraft:diamond_pickaxe":3},"minecraft:dropped":{"minecraft:iron_ingot":51,"minecraft:bread":57,"minecraft:polished_blackstone":1,"minecraft:cobblestone":67,"minecraft:cracked_stone_bricks":3,"minecraft:saddle":1,"table_top_craft:chess_piece_figure":1,"minecraft:golden_apple":3,"minecraft:cobblestone_stairs":1,"tacz:modern_kinetic_gun":1,"minecraft:string":2,"max_armory:diamond_long_sword":1,"minecraft:bucket":17,"alexsmobs:animal_dictionary":1,"minecraft:smooth_stone_slab":11,"minecraft:raw_iron":320,"minecraft:rotten_flesh":3,"minecraft:oak_planks":2,"minecraft:pumpkin_seeds":2,"minecraft:diamond_pickaxe":3,"minecraft:quartz_block":2,"minecraft:raw_gold":37},"minecraft:used":{"minecraft:oak_sign":2,"minecraft:chest":18,"minecraft:stone":27,"minecraft:quartz_stairs":31,"minecraft:torch":229,"minecraft:lava_bucket":74,"minecraft:quartz_pillar":27,"minecraft:quartz_block":142,"marbledsarsenal:police_baton":1,"mutantmonsters:hulk_hammer":3,"minecraft:cooked_beef":2,"minecraft:potato":24,"max_armory:diamond_long_sword":404,"minecraft:pointed_dripstone":22,"minecraft:cobblestone_stairs":17,"table_top_craft:chess_piece_figure":10,"minecraft:baked_potato":9,"minecraft:oak_planks":36,"minecraft:ender_pearl":4,"minecraft:cauldron":37,"minecraft:diamond_axe":213,"minecraft:stonecutter":1,"minecraft:golden_apple":9,"minecraft:dark_oak_door":9,"minecraft:diamond_pickaxe":2568,"minecraft:melon_slice":1,"minecraft:cyan_bed":3,"minecraft:bread":23,"minecraft:cobblestone":354,"minecraft:bucket":83}},"DataVersion":3465}