{"stats":{"minecraft:killed":{"minecraft:zombie_villager":1,"alexsmobs:emu":1,"minecraft:zombie":61,"alexsmobs:leafcutter_ant":1,"alexsmobs:fly":4},"minecraft:custom":{"minecraft:interact_with_furnace":49,"minecraft:mob_kills":68,"minecraft:interact_with_crafting_table":24,"minecraft:damage_dealt_resisted":41,"minecraft:time_since_death":90316,"minecraft:sleep_in_bed":1,"minecraft:climb_one_cm":44430,"minecraft:time_since_rest":81789,"minecraft:sprint_one_cm":298591,"minecraft:walk_one_cm":351419,"minecraft:damage_taken":814,"minecraft:damage_absorbed":134,"minecraft:drop":6,"minecraft:damage_dealt":7199,"minecraft:damage_dealt_absorbed":40,"minecraft:fly_one_cm":133509,"minecraft:open_chest":152,"minecraft:crouch_one_cm":5423,"minecraft:play_time":90316,"minecraft:sneak_time":2044,"minecraft:walk_under_water_one_cm":3100,"minecraft:jump":1090,"minecraft:interact_with_blast_furnace":30,"minecraft:interact_with_smoker":7,"minecraft:walk_on_water_one_cm":1767,"minecraft:total_world_time":90316,"minecraft:fall_one_cm":37563},"minecraft:mined":{"minecraft:light_blue_stained_glass_pane":1,"minecraft:gray_terracotta":12,"minecraft:quartz_block":293,"minecraft:blue_stained_glass_pane":2,"minecraft:cobblestone_stairs":4,"minecraft:jungle_leaves":3,"minecraft:stone_brick_slab":1,"minecraft:potted_cactus":12,"minecraft:brewing_stand":4,"minecraft:torch":9,"minecraft:light_gray_terracotta":18,"minecraft:grass_block":1,"minecraft:melon":4,"minecraft:chest":1,"minecraft:white_stained_glass":2,"minecraft:glass":3,"minecraft:copper_ore":4,"minecraft:cobblestone":15,"minecraft:spruce_leaves":1,"minecraft:oak_planks":2,"minecraft:light_blue_stained_glass":4,"minecraft:wall_torch":13,"minecraft:spawner":9,"minecraft:cauldron":11,"minecraft:polished_blackstone_bricks":1,"minecraft:glowstone":2,"minecraft:furnace":1,"minecraft:smooth_stone_slab":7,"minecraft:anvil":2,"minecraft:stone_brick_stairs":1,"minecraft:enchanting_table":3,"k_turrets:titanium_ore":6,"minecraft:grass":1,"minecraft:bookshelf":26,"minecraft:coal_ore":41,"minecraft:vine":1,"minecraft:iron_bars":8,"minecraft:cobweb":2,"minecraft:cracked_stone_bricks":6,"minecraft:polished_blackstone":1,"minecraft:stone_bricks":16,"minecraft:stone":197,"minecraft:mossy_stone_bricks":2,"minecraft:oak_leaves":7},"minecraft:crafted":{"minecraft:coal_block":14,"minecraft:oak_planks":96,"minecraft:coal":252,"minecraft:cauldron":4,"minecraft:diamond_axe":1,"minecraft:baked_potato":24,"minecraft:stone":71,"minecraft:cobblestone_stairs":56,"minecraft:bucket":9,"minecraft:air":0,"minecraft:golden_apple":4,"minecraft:stick":52,"minecraft:gold_ingot":79,"minecraft:torch":208},"minecraft:picked_up":{"minecraft:enchanting_table":3,"minecraft:flower_pot":12,"minecraft:ladder":4,"minecraft:anvil":1,"projectvibrantjourneys:fallen_leaves":1,"marbledsarsenal:swat_armor_boots":1,"marbledsarsenal:swat_armor_chestplate":1,"minecraft:stone_brick_stairs":1,"minecraft:brewing_stand":4,"minecraft:gunpowder":7,"minecraft:cobblestone_stairs":4,"minecraft:dirt":1,"minecraft:string":8,"minecraft:raw_copper":33,"minecraft:smooth_stone_slab":11,"tacz:ammo":249,"minecraft:bone":8,"minecraft:oak_sign":1,"minecraft:apple":23,"minecraft:stone_bricks":11,"minecraft:cracked_stone_bricks":3,"minecraft:gray_terracotta":11,"minecraft:jungle_sapling":1,"minecraft:mossy_stone_bricks":1,"minecraft:glowstone_dust":3,"minecraft:melon_slice":22,"minecraft:moss_block":1,"minecraft:oak_planks":2,"minecraft:furnace":1,"minecraft:book":78,"max_armory:diamond_long_sword":2,"marbledsarsenal:swat_armor_leggings":1,"minecraft:stone_brick_slab":1,"minecraft:torch":29,"minecraft:polished_blackstone_bricks":1,"pointblank:gunmetal_nugget":56,"tacz:attachment":2,"usefulbackpacks:backpack_large":1,"minecraft:spider_eye":1,"marbledsarsenal:helmet_cm8m_gas_mask":1,"minecraft:cauldron":11,"minecraft:quartz_block":293,"minecraft:light_gray_terracotta":20,"minecraft:cactus":11,"minecraft:rotten_flesh":49,"tacz:modern_kinetic_gun":2,"k_turrets:raw_titanium":12,"minecraft:golden_apple":2,"minecraft:polished_blackstone":1,"alexsmobs:maggot":7,"minecraft:iron_bars":8,"minecraft:coal":74,"minecraft:cobblestone":211,"minecraft:diamond_pickaxe":1},"minecraft:dropped":{"minecraft:rotten_flesh":3,"minecraft:golden_apple":2,"minecraft:cobblestone_stairs":1,"minecraft:string":2,"max_armory:diamond_long_sword":1},"minecraft:used":{"minecraft:cobblestone_stairs":12,"minecraft:oak_planks":36,"minecraft:oak_sign":1,"minecraft:stone":27,"minecraft:cauldron":15,"minecraft:diamond_axe":51,"minecraft:torch":158,"minecraft:golden_apple":5,"minecraft:diamond_pickaxe":697,"minecraft:bread":18,"marbledsarsenal:police_baton":1,"minecraft:cobblestone":127,"minecraft:potato":7,"minecraft:cooked_beef":2,"max_armory:diamond_long_sword":129}},"DataVersion":3465}