{"stats":{"minecraft:killed":{"minecraft:zombie":8},"minecraft:custom":{"minecraft:time_since_rest":9789,"minecraft:interact_with_furnace":7,"minecraft:sprint_one_cm":39057,"minecraft:damage_taken":125,"minecraft:walk_one_cm":68269,"minecraft:mob_kills":8,"minecraft:drop":1,"minecraft:damage_dealt":1229,"minecraft:interact_with_crafting_table":9,"minecraft:fly_one_cm":27389,"minecraft:open_chest":57,"minecraft:crouch_one_cm":2300,"minecraft:play_time":18316,"minecraft:sneak_time":568,"minecraft:jump":178,"minecraft:time_since_death":18316,"minecraft:sleep_in_bed":1,"minecraft:climb_one_cm":4062,"minecraft:total_world_time":18316,"minecraft:fall_one_cm":7896},"minecraft:mined":{"minecraft:furnace":1,"minecraft:cobblestone_stairs":4,"minecraft:jungle_leaves":2,"minecraft:brewing_stand":1,"minecraft:stone_brick_stairs":1,"minecraft:enchanting_table":1,"minecraft:bookshelf":4,"minecraft:cobweb":1,"minecraft:cobblestone":4,"minecraft:stone_bricks":1,"minecraft:oak_leaves":2},"minecraft:crafted":{"minecraft:oak_planks":96,"minecraft:coal":36,"minecraft:diamond_axe":1,"minecraft:stick":32,"minecraft:cobblestone_stairs":16,"minecraft:torch":128},"minecraft:picked_up":{"minecraft:book":12,"max_armory:diamond_long_sword":2,"minecraft:enchanting_table":1,"marbledsarsenal:swat_armor_leggings":1,"pointblank:gunmetal_nugget":3,"marbledsarsenal:swat_armor_boots":1,"tacz:attachment":2,"marbledsarsenal:swat_armor_chestplate":1,"minecraft:stone_brick_stairs":1,"minecraft:brewing_stand":1,"minecraft:gunpowder":1,"minecraft:cobblestone_stairs":3,"minecraft:string":2,"marbledsarsenal:helmet_cm8m_gas_mask":1,"usefulbackpacks:backpack_large":1,"tacz:ammo":249,"minecraft:oak_sign":1,"tacz:modern_kinetic_gun":2,"minecraft:jungle_sapling":1,"minecraft:cobblestone":3,"minecraft:furnace":1,"minecraft:diamond_pickaxe":1},"minecraft:dropped":{"max_armory:diamond_long_sword":1},"minecraft:used":{"minecraft:diamond_pickaxe":16,"minecraft:cobblestone_stairs":6,"minecraft:bread":1,"minecraft:oak_sign":1,"marbledsarsenal:police_baton":1,"minecraft:diamond_axe":5,"minecraft:torch":1,"minecraft:golden_apple":1,"minecraft:cobblestone":4,"minecraft:cooked_beef":1,"max_armory:diamond_long_sword":24}},"DataVersion":3465}