{"stats":{"minecraft:killed":{"alexsmobs:leafcutter_ant":1,"minecraft:zombie_villager":4,"alexsmobs:emu":1,"minecraft:zombie":149,"alexsmobs:fly":12,"mutantmonsters:mutant_zombie":1},"minecraft:custom":{"minecraft:mob_kills":168,"minecraft:interact_with_crafting_table":32,"minecraft:damage_dealt_resisted":210,"minecraft:time_since_death":192316,"minecraft:climb_one_cm":49119,"minecraft:sprint_one_cm":403172,"minecraft:walk_one_cm":625663,"minecraft:drop":18,"minecraft:damage_dealt_absorbed":42,"minecraft:play_time":192316,"minecraft:sneak_time":9993,"minecraft:walk_under_water_one_cm":3100,"minecraft:jump":1414,"minecraft:interact_with_blast_furnace":34,"minecraft:walk_on_water_one_cm":1801,"minecraft:total_world_time":192316,"minecraft:interact_with_furnace":54,"minecraft:interact_with_stonecutter":1,"minecraft:sleep_in_bed":2,"minecraft:time_since_rest":50705,"minecraft:damage_taken":1201,"minecraft:damage_absorbed":134,"minecraft:damage_dealt":21641,"minecraft:fly_one_cm":154653,"minecraft:open_chest":232,"minecraft:crouch_one_cm":15876,"minecraft:interact_with_smoker":10,"minecraft:fall_one_cm":45020},"minecraft:mined":{"minecraft:light_blue_stained_glass_pane":1,"minecraft:blue_stained_glass_pane":2,"minecraft:quartz_stairs":21,"minecraft:deepslate_diamond_ore":21,"minecraft:cobblestone_stairs":4,"minecraft:jungle_leaves":4,"minecraft:potted_cactus":12,"minecraft:brewing_stand":4,"minecraft:grass_block":1,"minecraft:jungle_log":119,"minecraft:white_stained_glass":2,"minecraft:spruce_leaves":1,"minecraft:spawner":9,"minecraft:light_blue_stained_glass":4,"minecraft:polished_blackstone_bricks":1,"minecraft:furnace":1,"minecraft:glowstone":2,"minecraft:iron_ore":117,"minecraft:anvil":2,"minecraft:enchanting_table":3,"minecraft:bookshelf":26,"minecraft:deepslate_iron_ore":68,"minecraft:vine":10,"minecraft:iron_bars":8,"minecraft:stone":947,"create:small_deepslate_bricks":1,"minecraft:gray_terracotta":12,"minecraft:quartz_block":345,"minecraft:blackstone":24,"minecraft:stone_brick_slab":1,"minecraft:clay":33,"minecraft:torch":18,"minecraft:light_gray_terracotta":18,"minecraft:melon":4,"minecraft:chest":6,"minecraft:tall_grass":2,"minecraft:cobblestone":82,"minecraft:glass":3,"minecraft:copper_ore":27,"minecraft:deepslate_gold_ore":18,"minecraft:lapis_ore":6,"minecraft:cyan_bed":3,"minecraft:oak_planks":2,"minecraft:wall_torch":35,"minecraft:cauldron":20,"minecraft:dark_oak_door":8,"minecraft:quartz_pillar":27,"minecraft:stone_brick_stairs":1,"minecraft:smooth_stone_slab":7,"minecraft:grass":3,"k_turrets:titanium_ore":6,"minecraft:coal_ore":106,"minecraft:gravel":2,"minecraft:cobweb":2,"minecraft:smooth_basalt":1,"minecraft:cracked_stone_bricks":6,"minecraft:polished_blackstone":1,"minecraft:stone_bricks":16,"minecraft:mossy_stone_bricks":2,"minecraft:gold_ore":4,"minecraft:oak_leaves":7,"minecraft:deepslate":210,"table_top_craft:chess_piece_figure":8},"minecraft:crafted":{"minecraft:oak_planks":96,"minecraft:coal":252,"minecraft:cobblestone_stairs":56,"minecraft:stone":71,"minecraft:quartz_pillar":10,"minecraft:chest":7,"minecraft:coal_block":14,"minecraft:quartz_stairs":10,"minecraft:cauldron":4,"minecraft:diamond_axe":1,"minecraft:baked_potato":24,"minecraft:bucket":17,"minecraft:air":0,"minecraft:jungle_planks":156,"minecraft:golden_apple":4,"minecraft:stick":52,"minecraft:gold_ingot":79,"minecraft:stonecutter":1,"minecraft:torch":208},"minecraft:picked_up":{"minecraft:clay_ball":128,"minecraft:anvil":1,"minecraft:ladder":4,"minecraft:flower_pot":12,"marbledsarsenal:swat_armor_chestplate":1,"minecraft:stone_brick_stairs":1,"minecraft:brewing_stand":4,"minecraft:string":65,"minecraft:raw_copper":171,"minecraft:smooth_stone_slab":44,"tacz:ammo":312,"minecraft:blackstone":24,"minecraft:oak_sign":2,"minecraft:cracked_stone_bricks":12,"minecraft:cobbled_deepslate":203,"minecraft:jungle_sapling":3,"minecraft:melon_slice":44,"minecraft:quartz_stairs":21,"minecraft:chest":5,"minecraft:furnace":1,"minecraft:phantom_membrane":2,"minecraft:dark_oak_door":8,"max_armory:diamond_long_sword":2,"minecraft:stick":4,"minecraft:raw_iron":320,"minecraft:stone":123,"projectvibrantjourneys:bark_mushroom":1,"minecraft:torch":68,"pointblank:gunmetal_nugget":293,"minecraft:polished_blackstone_bricks":3,"tacz:attachment":2,"minecraft:quartz_pillar":37,"marbledsarsenal:helmet_cm8m_gas_mask":1,"minecraft:cauldron":20,"mutantmonsters:hulk_hammer":2,"minecraft:quartz_block":644,"minecraft:cactus":11,"minecraft:rotten_flesh":171,"k_turrets:raw_titanium":12,"minecraft:saddle":6,"minecraft:polished_blackstone":4,"minecraft:iron_bars":16,"minecraft:cobblestone":1419,"minecraft:enchanting_table":3,"minecraft:jungle_log":119,"table_top_craft:chess_piece_figure":10,"projectvibrantjourneys:fallen_leaves":1,"minecraft:potato":1,"marbledsarsenal:swat_armor_boots":1,"minecraft:gunpowder":34,"minecraft:cobblestone_stairs":34,"minecraft:lapis_lazuli":35,"create:small_deepslate_bricks":2,"minecraft:dirt":1,"minecraft:bone":63,"minecraft:apple":23,"minecraft:stone_bricks":18,"minecraft:gray_terracotta":22,"minecraft:raw_gold":37,"minecraft:iron_ingot":24,"minecraft:mossy_stone_bricks":3,"minecraft:glowstone_dust":3,"minecraft:moss_block":1,"minecraft:oak_planks":4,"minecraft:book":106,"minecraft:smooth_basalt":1,"marbledsarsenal:swat_armor_leggings":1,"minecraft:stone_brick_slab":1,"minecraft:gravel":8,"minecraft:cyan_bed":3,"alexsmobs:animal_dictionary":3,"minecraft:spider_eye":11,"usefulbackpacks:backpack_large":1,"minecraft:light_gray_terracotta":36,"minecraft:pumpkin_seeds":6,"minecraft:slime_ball":8,"minecraft:diamond":37,"tacz:modern_kinetic_gun":2,"minecraft:golden_apple":2,"minecraft:baked_potato":22,"alexsmobs:maggot":23,"minecraft:coal":177,"minecraft:ender_pearl":5,"minecraft:diamond_pickaxe":1},"minecraft:dropped":{"minecraft:iron_ingot":24,"minecraft:polished_blackstone":1,"minecraft:cobblestone":48,"minecraft:cracked_stone_bricks":3,"minecraft:saddle":1,"table_top_craft:chess_piece_figure":1,"minecraft:golden_apple":2,"minecraft:cobblestone_stairs":1,"minecraft:string":2,"max_armory:diamond_long_sword":1,"alexsmobs:animal_dictionary":1,"minecraft:smooth_stone_slab":11,"minecraft:rotten_flesh":3,"minecraft:oak_planks":2,"minecraft:pumpkin_seeds":2,"minecraft:quartz_block":2},"minecraft:used":{"minecraft:oak_sign":2,"minecraft:chest":11,"minecraft:stone":27,"minecraft:quartz_stairs":31,"minecraft:torch":203,"minecraft:quartz_pillar":27,"minecraft:quartz_block":142,"marbledsarsenal:police_baton":1,"mutantmonsters:hulk_hammer":3,"minecraft:cooked_beef":2,"minecraft:potato":24,"max_armory:diamond_long_sword":338,"minecraft:cobblestone_stairs":16,"table_top_craft:chess_piece_figure":10,"minecraft:baked_potato":3,"minecraft:oak_planks":36,"minecraft:cauldron":24,"minecraft:diamond_axe":194,"minecraft:stonecutter":1,"minecraft:golden_apple":6,"minecraft:dark_oak_door":9,"minecraft:diamond_pickaxe":2244,"minecraft:melon_slice":1,"minecraft:cyan_bed":3,"minecraft:bread":21,"minecraft:cobblestone":310}},"DataVersion":3465}