{"stats":{"minecraft:killed":{"minecraft:zombie":23,"alexsmobs:fly":2},"minecraft:custom":{"minecraft:interact_with_furnace":10,"minecraft:mob_kills":25,"minecraft:interact_with_crafting_table":9,"minecraft:damage_dealt_resisted":41,"minecraft:time_since_death":30316,"minecraft:sleep_in_bed":1,"minecraft:climb_one_cm":17387,"minecraft:time_since_rest":21789,"minecraft:sprint_one_cm":78965,"minecraft:walk_one_cm":143773,"minecraft:damage_taken":177,"minecraft:damage_absorbed":39,"minecraft:drop":3,"minecraft:damage_dealt":3083,"minecraft:fly_one_cm":33353,"minecraft:open_chest":59,"minecraft:crouch_one_cm":3994,"minecraft:play_time":30316,"minecraft:sneak_time":988,"minecraft:jump":331,"minecraft:total_world_time":30316,"minecraft:fall_one_cm":11731},"minecraft:mined":{"minecraft:quartz_block":29,"minecraft:cobblestone_stairs":4,"minecraft:jungle_leaves":3,"minecraft:stone_brick_slab":1,"minecraft:brewing_stand":3,"minecraft:light_gray_terracotta":4,"minecraft:white_stained_glass":2,"minecraft:glass":3,"minecraft:cobblestone":6,"minecraft:spruce_leaves":1,"minecraft:wall_torch":3,"minecraft:cauldron":3,"minecraft:glowstone":2,"minecraft:furnace":1,"minecraft:anvil":1,"minecraft:stone_brick_stairs":1,"minecraft:enchanting_table":1,"minecraft:bookshelf":9,"minecraft:coal_ore":6,"minecraft:vine":1,"minecraft:cobweb":1,"minecraft:cracked_stone_bricks":2,"minecraft:stone_bricks":6,"minecraft:stone":6,"minecraft:oak_leaves":6},"minecraft:crafted":{"minecraft:oak_planks":96,"minecraft:coal":36,"minecraft:diamond_axe":1,"minecraft:cobblestone_stairs":16,"minecraft:stick":32,"minecraft:torch":128},"minecraft:picked_up":{"minecraft:enchanting_table":1,"minecraft:ladder":4,"minecraft:anvil":1,"marbledsarsenal:swat_armor_boots":1,"marbledsarsenal:swat_armor_chestplate":1,"minecraft:stone_brick_stairs":1,"minecraft:brewing_stand":3,"minecraft:gunpowder":4,"minecraft:cobblestone_stairs":3,"minecraft:string":6,"tacz:ammo":249,"minecraft:bone":2,"minecraft:oak_sign":1,"minecraft:stone_bricks":4,"minecraft:jungle_sapling":1,"minecraft:glowstone_dust":3,"minecraft:moss_block":1,"minecraft:furnace":1,"minecraft:book":27,"max_armory:diamond_long_sword":2,"marbledsarsenal:swat_armor_leggings":1,"minecraft:stone_brick_slab":1,"minecraft:torch":3,"pointblank:gunmetal_nugget":34,"tacz:attachment":2,"usefulbackpacks:backpack_large":1,"minecraft:spider_eye":1,"marbledsarsenal:helmet_cm8m_gas_mask":1,"minecraft:cauldron":3,"minecraft:quartz_block":40,"minecraft:light_gray_terracotta":4,"minecraft:rotten_flesh":9,"tacz:modern_kinetic_gun":2,"alexsmobs:maggot":5,"minecraft:coal":10,"minecraft:cobblestone":11,"minecraft:diamond_pickaxe":1},"minecraft:dropped":{"minecraft:rotten_flesh":3,"minecraft:string":2,"max_armory:diamond_long_sword":1},"minecraft:used":{"minecraft:cobblestone_stairs":6,"minecraft:oak_sign":1,"minecraft:diamond_axe":15,"minecraft:torch":52,"minecraft:golden_apple":1,"minecraft:diamond_pickaxe":86,"minecraft:bread":1,"marbledsarsenal:police_baton":1,"minecraft:cobblestone":57,"minecraft:cooked_beef":1,"max_armory:diamond_long_sword":59}},"DataVersion":3465}