{"stats":{"minecraft:killed":{"alexsmobs:emu":1,"minecraft:zombie":27,"alexsmobs:fly":2},"minecraft:custom":{"minecraft:interact_with_furnace":10,"minecraft:mob_kills":30,"minecraft:interact_with_crafting_table":9,"minecraft:damage_dealt_resisted":41,"minecraft:time_since_death":42316,"minecraft:sleep_in_bed":1,"minecraft:climb_one_cm":28184,"minecraft:time_since_rest":33789,"minecraft:sprint_one_cm":137072,"minecraft:walk_one_cm":197903,"minecraft:damage_taken":401,"minecraft:damage_absorbed":69,"minecraft:drop":3,"minecraft:damage_dealt":3491,"minecraft:fly_one_cm":47108,"minecraft:open_chest":73,"minecraft:crouch_one_cm":4092,"minecraft:play_time":42316,"minecraft:sneak_time":999,"minecraft:jump":473,"minecraft:total_world_time":42316,"minecraft:fall_one_cm":20361},"minecraft:mined":{"minecraft:gray_terracotta":12,"minecraft:quartz_block":53,"minecraft:blue_stained_glass_pane":2,"minecraft:cobblestone_stairs":4,"minecraft:jungle_leaves":3,"minecraft:stone_brick_slab":1,"minecraft:potted_cactus":6,"minecraft:brewing_stand":4,"minecraft:light_gray_terracotta":11,"minecraft:grass_block":1,"minecraft:chest":1,"minecraft:white_stained_glass":2,"minecraft:glass":3,"minecraft:cobblestone":6,"minecraft:spruce_leaves":1,"minecraft:wall_torch":6,"minecraft:spawner":4,"minecraft:cauldron":4,"minecraft:polished_blackstone_bricks":1,"minecraft:glowstone":2,"minecraft:furnace":1,"minecraft:smooth_stone_slab":5,"minecraft:anvil":2,"minecraft:stone_brick_stairs":1,"minecraft:enchanting_table":3,"minecraft:bookshelf":12,"minecraft:coal_ore":6,"minecraft:vine":1,"minecraft:iron_bars":2,"minecraft:cobweb":1,"minecraft:cracked_stone_bricks":2,"minecraft:polished_blackstone":1,"minecraft:stone_bricks":6,"minecraft:stone":6,"minecraft:oak_leaves":7},"minecraft:crafted":{"minecraft:oak_planks":96,"minecraft:coal":36,"minecraft:diamond_axe":1,"minecraft:cobblestone_stairs":16,"minecraft:stick":32,"minecraft:torch":128},"minecraft:picked_up":{"minecraft:enchanting_table":3,"minecraft:flower_pot":6,"minecraft:ladder":4,"minecraft:anvil":1,"marbledsarsenal:swat_armor_boots":1,"marbledsarsenal:swat_armor_chestplate":1,"minecraft:stone_brick_stairs":1,"minecraft:brewing_stand":4,"minecraft:gunpowder":5,"minecraft:cobblestone_stairs":3,"minecraft:dirt":1,"minecraft:string":6,"minecraft:smooth_stone_slab":10,"tacz:ammo":249,"minecraft:bone":5,"minecraft:oak_sign":1,"minecraft:stone_bricks":4,"minecraft:gray_terracotta":11,"minecraft:jungle_sapling":1,"minecraft:glowstone_dust":3,"minecraft:moss_block":1,"minecraft:furnace":1,"minecraft:book":36,"max_armory:diamond_long_sword":2,"marbledsarsenal:swat_armor_leggings":1,"minecraft:stone_brick_slab":1,"minecraft:torch":14,"minecraft:polished_blackstone_bricks":1,"pointblank:gunmetal_nugget":40,"tacz:attachment":2,"usefulbackpacks:backpack_large":1,"minecraft:spider_eye":1,"marbledsarsenal:helmet_cm8m_gas_mask":1,"minecraft:cauldron":4,"minecraft:quartz_block":53,"minecraft:light_gray_terracotta":11,"minecraft:cactus":5,"minecraft:rotten_flesh":18,"tacz:modern_kinetic_gun":2,"minecraft:polished_blackstone":1,"alexsmobs:maggot":5,"minecraft:iron_bars":2,"minecraft:coal":10,"minecraft:cobblestone":11,"minecraft:diamond_pickaxe":1},"minecraft:dropped":{"minecraft:rotten_flesh":3,"minecraft:string":2,"max_armory:diamond_long_sword":1},"minecraft:used":{"minecraft:cobblestone_stairs":6,"minecraft:oak_planks":9,"minecraft:oak_sign":1,"minecraft:diamond_axe":21,"minecraft:torch":93,"minecraft:golden_apple":2,"minecraft:diamond_pickaxe":158,"minecraft:bread":5,"marbledsarsenal:police_baton":1,"minecraft:cobblestone":75,"minecraft:cooked_beef":1,"max_armory:diamond_long_sword":67}},"DataVersion":3465}