{"stats":{"minecraft:killed":{"alexsmobs:emu":1,"minecraft:zombie":51,"alexsmobs:fly":2},"minecraft:custom":{"minecraft:interact_with_furnace":10,"minecraft:mob_kills":54,"minecraft:interact_with_crafting_table":9,"minecraft:damage_dealt_resisted":41,"minecraft:time_since_death":54316,"minecraft:sleep_in_bed":1,"minecraft:climb_one_cm":37179,"minecraft:time_since_rest":45789,"minecraft:sprint_one_cm":209839,"minecraft:walk_one_cm":237965,"minecraft:damage_taken":513,"minecraft:damage_absorbed":69,"minecraft:drop":3,"minecraft:damage_dealt":5580,"minecraft:damage_dealt_absorbed":40,"minecraft:fly_one_cm":96016,"minecraft:open_chest":77,"minecraft:crouch_one_cm":4955,"minecraft:play_time":54316,"minecraft:sneak_time":1875,"minecraft:jump":767,"minecraft:walk_on_water_one_cm":1049,"minecraft:total_world_time":54316,"minecraft:fall_one_cm":27400},"minecraft:mined":{"minecraft:light_blue_stained_glass_pane":1,"minecraft:gray_terracotta":12,"minecraft:quartz_block":290,"minecraft:blue_stained_glass_pane":2,"minecraft:cobblestone_stairs":4,"minecraft:jungle_leaves":3,"minecraft:stone_brick_slab":1,"minecraft:potted_cactus":8,"minecraft:brewing_stand":4,"minecraft:torch":5,"minecraft:light_gray_terracotta":18,"minecraft:grass_block":1,"minecraft:chest":1,"minecraft:white_stained_glass":2,"minecraft:glass":3,"minecraft:cobblestone":6,"minecraft:spruce_leaves":1,"minecraft:oak_planks":2,"minecraft:wall_torch":9,"minecraft:spawner":6,"minecraft:cauldron":4,"minecraft:polished_blackstone_bricks":1,"minecraft:glowstone":2,"minecraft:furnace":1,"minecraft:smooth_stone_slab":6,"minecraft:anvil":2,"minecraft:stone_brick_stairs":1,"minecraft:enchanting_table":3,"minecraft:bookshelf":19,"minecraft:coal_ore":6,"minecraft:vine":1,"minecraft:iron_bars":8,"minecraft:cobweb":1,"minecraft:cracked_stone_bricks":4,"minecraft:polished_blackstone":1,"minecraft:stone_bricks":15,"minecraft:stone":6,"minecraft:mossy_stone_bricks":2,"minecraft:oak_leaves":7},"minecraft:crafted":{"minecraft:oak_planks":96,"minecraft:coal":36,"minecraft:diamond_axe":1,"minecraft:cobblestone_stairs":16,"minecraft:stick":32,"minecraft:torch":128},"minecraft:picked_up":{"minecraft:enchanting_table":3,"minecraft:flower_pot":8,"minecraft:ladder":4,"minecraft:anvil":1,"projectvibrantjourneys:fallen_leaves":1,"marbledsarsenal:swat_armor_boots":1,"marbledsarsenal:swat_armor_chestplate":1,"minecraft:stone_brick_stairs":1,"minecraft:brewing_stand":4,"minecraft:gunpowder":5,"minecraft:cobblestone_stairs":3,"minecraft:dirt":1,"minecraft:string":7,"minecraft:smooth_stone_slab":10,"tacz:ammo":249,"minecraft:bone":5,"minecraft:oak_sign":1,"minecraft:stone_bricks":10,"minecraft:cracked_stone_bricks":2,"minecraft:gray_terracotta":11,"minecraft:jungle_sapling":1,"minecraft:mossy_stone_bricks":1,"minecraft:glowstone_dust":3,"minecraft:moss_block":1,"minecraft:oak_planks":2,"minecraft:furnace":1,"minecraft:book":57,"max_armory:diamond_long_sword":2,"marbledsarsenal:swat_armor_leggings":1,"minecraft:stone_brick_slab":1,"minecraft:torch":21,"minecraft:polished_blackstone_bricks":1,"pointblank:gunmetal_nugget":51,"tacz:attachment":2,"usefulbackpacks:backpack_large":1,"minecraft:spider_eye":1,"marbledsarsenal:helmet_cm8m_gas_mask":1,"minecraft:cauldron":4,"minecraft:quartz_block":290,"minecraft:light_gray_terracotta":20,"minecraft:cactus":7,"minecraft:rotten_flesh":35,"tacz:modern_kinetic_gun":2,"minecraft:polished_blackstone":1,"alexsmobs:maggot":5,"minecraft:iron_bars":8,"minecraft:coal":10,"minecraft:cobblestone":11,"minecraft:diamond_pickaxe":1},"minecraft:dropped":{"minecraft:rotten_flesh":3,"minecraft:string":2,"max_armory:diamond_long_sword":1},"minecraft:used":{"minecraft:cobblestone_stairs":6,"minecraft:oak_planks":36,"minecraft:oak_sign":1,"minecraft:diamond_axe":31,"minecraft:torch":138,"minecraft:golden_apple":2,"minecraft:diamond_pickaxe":427,"minecraft:bread":9,"marbledsarsenal:police_baton":1,"minecraft:cobblestone":75,"minecraft:cooked_beef":2,"max_armory:diamond_long_sword":104}},"DataVersion":3465}