{"stats":{"minecraft:killed":{"alexsmobs:leafcutter_ant":1,"minecraft:zombie_villager":3,"alexsmobs:emu":1,"minecraft:zombie":131,"alexsmobs:fly":11,"mutantmonsters:mutant_zombie":1},"minecraft:custom":{"minecraft:mob_kills":148,"minecraft:interact_with_crafting_table":29,"minecraft:damage_dealt_resisted":208,"minecraft:time_since_death":138316,"minecraft:climb_one_cm":45812,"minecraft:sprint_one_cm":375506,"minecraft:walk_one_cm":555080,"minecraft:drop":17,"minecraft:damage_dealt_absorbed":42,"minecraft:play_time":138316,"minecraft:sneak_time":8341,"minecraft:walk_under_water_one_cm":3100,"minecraft:jump":1265,"minecraft:interact_with_blast_furnace":30,"minecraft:walk_on_water_one_cm":1767,"minecraft:total_world_time":138316,"minecraft:interact_with_furnace":51,"minecraft:interact_with_stonecutter":1,"minecraft:sleep_in_bed":1,"minecraft:time_since_rest":129789,"minecraft:damage_taken":1082,"minecraft:damage_absorbed":134,"minecraft:damage_dealt":18323,"minecraft:fly_one_cm":147189,"minecraft:open_chest":205,"minecraft:crouch_one_cm":13870,"minecraft:interact_with_smoker":10,"minecraft:fall_one_cm":41891},"minecraft:mined":{"minecraft:light_blue_stained_glass_pane":1,"minecraft:blue_stained_glass_pane":2,"minecraft:quartz_stairs":21,"minecraft:cobblestone_stairs":4,"minecraft:jungle_leaves":3,"minecraft:potted_cactus":12,"minecraft:brewing_stand":4,"minecraft:grass_block":1,"minecraft:jungle_log":62,"minecraft:white_stained_glass":2,"minecraft:spruce_leaves":1,"minecraft:spawner":9,"minecraft:light_blue_stained_glass":4,"minecraft:polished_blackstone_bricks":1,"minecraft:furnace":1,"minecraft:glowstone":2,"minecraft:anvil":2,"minecraft:enchanting_table":3,"minecraft:bookshelf":26,"minecraft:vine":8,"minecraft:iron_bars":8,"minecraft:stone":606,"create:small_deepslate_bricks":1,"minecraft:gray_terracotta":12,"minecraft:quartz_block":345,"minecraft:stone_brick_slab":1,"minecraft:torch":15,"minecraft:light_gray_terracotta":18,"minecraft:melon":4,"minecraft:chest":4,"minecraft:cobblestone":82,"minecraft:glass":3,"minecraft:copper_ore":4,"minecraft:cyan_bed":3,"minecraft:oak_planks":2,"minecraft:wall_torch":29,"minecraft:cauldron":20,"minecraft:dark_oak_door":8,"minecraft:quartz_pillar":27,"minecraft:stone_brick_stairs":1,"minecraft:smooth_stone_slab":7,"minecraft:grass":1,"k_turrets:titanium_ore":6,"minecraft:coal_ore":41,"minecraft:gravel":2,"minecraft:cobweb":2,"minecraft:cracked_stone_bricks":6,"minecraft:polished_blackstone":1,"minecraft:stone_bricks":16,"minecraft:mossy_stone_bricks":2,"minecraft:oak_leaves":7,"table_top_craft:chess_piece_figure":7},"minecraft:crafted":{"minecraft:oak_planks":96,"minecraft:coal":252,"minecraft:cobblestone_stairs":56,"minecraft:stone":71,"minecraft:quartz_pillar":10,"minecraft:chest":2,"minecraft:coal_block":14,"minecraft:quartz_stairs":10,"minecraft:cauldron":4,"minecraft:diamond_axe":1,"minecraft:baked_potato":24,"minecraft:bucket":9,"minecraft:air":0,"minecraft:golden_apple":4,"minecraft:stick":52,"minecraft:gold_ingot":79,"minecraft:stonecutter":1,"minecraft:torch":208},"minecraft:picked_up":{"minecraft:anvil":1,"minecraft:ladder":4,"minecraft:flower_pot":12,"marbledsarsenal:swat_armor_chestplate":1,"minecraft:stone_brick_stairs":1,"minecraft:brewing_stand":4,"minecraft:string":36,"minecraft:raw_copper":33,"minecraft:smooth_stone_slab":33,"tacz:ammo":249,"minecraft:oak_sign":2,"minecraft:cracked_stone_bricks":9,"minecraft:jungle_sapling":1,"minecraft:melon_slice":22,"minecraft:quartz_stairs":21,"minecraft:chest":3,"minecraft:furnace":1,"minecraft:phantom_membrane":1,"minecraft:dark_oak_door":8,"max_armory:diamond_long_sword":2,"minecraft:stick":2,"minecraft:stone":82,"minecraft:torch":55,"pointblank:gunmetal_nugget":143,"minecraft:polished_blackstone_bricks":2,"tacz:attachment":2,"minecraft:quartz_pillar":27,"marbledsarsenal:helmet_cm8m_gas_mask":1,"minecraft:cauldron":20,"mutantmonsters:hulk_hammer":1,"minecraft:quartz_block":462,"minecraft:cactus":11,"minecraft:rotten_flesh":125,"k_turrets:raw_titanium":12,"minecraft:saddle":4,"minecraft:polished_blackstone":3,"minecraft:iron_bars":8,"minecraft:cobblestone":756,"minecraft:enchanting_table":3,"minecraft:jungle_log":51,"table_top_craft:chess_piece_figure":7,"projectvibrantjourneys:fallen_leaves":1,"marbledsarsenal:swat_armor_boots":1,"minecraft:gunpowder":17,"minecraft:cobblestone_stairs":4,"create:small_deepslate_bricks":1,"minecraft:dirt":1,"minecraft:bone":37,"minecraft:apple":23,"minecraft:stone_bricks":11,"minecraft:gray_terracotta":11,"minecraft:iron_ingot":24,"minecraft:mossy_stone_bricks":2,"minecraft:glowstone_dust":3,"minecraft:moss_block":1,"minecraft:oak_planks":4,"minecraft:book":92,"marbledsarsenal:swat_armor_leggings":1,"minecraft:stone_brick_slab":1,"minecraft:gravel":5,"minecraft:cyan_bed":3,"alexsmobs:animal_dictionary":2,"minecraft:spider_eye":6,"usefulbackpacks:backpack_large":1,"minecraft:light_gray_terracotta":20,"minecraft:pumpkin_seeds":4,"minecraft:slime_ball":3,"tacz:modern_kinetic_gun":2,"minecraft:golden_apple":2,"alexsmobs:maggot":15,"minecraft:coal":74,"minecraft:ender_pearl":2,"minecraft:diamond_pickaxe":1},"minecraft:dropped":{"minecraft:iron_ingot":24,"minecraft:polished_blackstone":1,"minecraft:cobblestone":48,"minecraft:cracked_stone_bricks":3,"minecraft:saddle":1,"minecraft:golden_apple":2,"minecraft:cobblestone_stairs":1,"minecraft:string":2,"max_armory:diamond_long_sword":1,"alexsmobs:animal_dictionary":1,"minecraft:smooth_stone_slab":11,"minecraft:rotten_flesh":3,"minecraft:oak_planks":2,"minecraft:pumpkin_seeds":2,"minecraft:quartz_block":2},"minecraft:used":{"minecraft:oak_sign":2,"minecraft:chest":5,"minecraft:stone":27,"minecraft:quartz_stairs":31,"minecraft:torch":188,"minecraft:quartz_pillar":27,"minecraft:quartz_block":142,"marbledsarsenal:police_baton":1,"mutantmonsters:hulk_hammer":3,"minecraft:cooked_beef":2,"minecraft:potato":24,"max_armory:diamond_long_sword":277,"minecraft:cobblestone_stairs":16,"table_top_craft:chess_piece_figure":9,"minecraft:baked_potato":2,"minecraft:oak_planks":36,"minecraft:cauldron":24,"minecraft:diamond_axe":132,"minecraft:stonecutter":1,"minecraft:golden_apple":6,"minecraft:dark_oak_door":9,"minecraft:diamond_pickaxe":1303,"minecraft:cyan_bed":2,"minecraft:bread":21,"minecraft:cobblestone":299}},"DataVersion":3465}