{"stats":{"minecraft:killed":{"alexsmobs:leafcutter_ant":1,"minecraft:zombie_villager":3,"alexsmobs:emu":1,"minecraft:zombie":129,"alexsmobs:fly":10,"mutantmonsters:mutant_zombie":1},"minecraft:custom":{"minecraft:mob_kills":145,"minecraft:interact_with_crafting_table":28,"minecraft:damage_dealt_resisted":208,"minecraft:time_since_death":126316,"minecraft:climb_one_cm":44652,"minecraft:sprint_one_cm":364572,"minecraft:walk_one_cm":488076,"minecraft:drop":7,"minecraft:damage_dealt_absorbed":42,"minecraft:play_time":126316,"minecraft:sneak_time":7991,"minecraft:walk_under_water_one_cm":3100,"minecraft:jump":1209,"minecraft:interact_with_blast_furnace":30,"minecraft:walk_on_water_one_cm":1767,"minecraft:total_world_time":126316,"minecraft:interact_with_furnace":51,"minecraft:interact_with_stonecutter":1,"minecraft:sleep_in_bed":1,"minecraft:time_since_rest":117789,"minecraft:damage_taken":1060,"minecraft:damage_absorbed":134,"minecraft:damage_dealt":18319,"minecraft:fly_one_cm":145362,"minecraft:open_chest":184,"minecraft:crouch_one_cm":12702,"minecraft:interact_with_smoker":10,"minecraft:fall_one_cm":41409},"minecraft:mined":{"minecraft:light_blue_stained_glass_pane":1,"minecraft:blue_stained_glass_pane":2,"minecraft:quartz_stairs":11,"minecraft:cobblestone_stairs":4,"minecraft:jungle_leaves":3,"minecraft:potted_cactus":12,"minecraft:brewing_stand":4,"minecraft:grass_block":1,"minecraft:white_stained_glass":2,"minecraft:spruce_leaves":1,"minecraft:spawner":9,"minecraft:light_blue_stained_glass":4,"minecraft:polished_blackstone_bricks":1,"minecraft:furnace":1,"minecraft:glowstone":2,"minecraft:anvil":2,"minecraft:enchanting_table":3,"minecraft:bookshelf":26,"minecraft:vine":1,"minecraft:iron_bars":8,"minecraft:stone":463,"create:small_deepslate_bricks":1,"minecraft:gray_terracotta":12,"minecraft:quartz_block":309,"minecraft:stone_brick_slab":1,"minecraft:torch":12,"minecraft:light_gray_terracotta":18,"minecraft:melon":4,"minecraft:chest":3,"minecraft:cobblestone":61,"minecraft:glass":3,"minecraft:copper_ore":4,"minecraft:cyan_bed":2,"minecraft:oak_planks":2,"minecraft:wall_torch":25,"minecraft:cauldron":20,"minecraft:dark_oak_door":6,"minecraft:quartz_pillar":10,"minecraft:stone_brick_stairs":1,"minecraft:smooth_stone_slab":7,"minecraft:grass":1,"k_turrets:titanium_ore":6,"minecraft:coal_ore":41,"minecraft:gravel":2,"minecraft:cobweb":2,"minecraft:cracked_stone_bricks":6,"minecraft:polished_blackstone":1,"minecraft:stone_bricks":16,"minecraft:mossy_stone_bricks":2,"minecraft:oak_leaves":7,"table_top_craft:chess_piece_figure":4},"minecraft:crafted":{"minecraft:oak_planks":96,"minecraft:coal":252,"minecraft:cobblestone_stairs":56,"minecraft:stone":71,"minecraft:quartz_pillar":10,"minecraft:chest":2,"minecraft:coal_block":14,"minecraft:quartz_stairs":10,"minecraft:cauldron":4,"minecraft:diamond_axe":1,"minecraft:baked_potato":24,"minecraft:bucket":9,"minecraft:air":0,"minecraft:golden_apple":4,"minecraft:stick":52,"minecraft:gold_ingot":79,"minecraft:stonecutter":1,"minecraft:torch":208},"minecraft:picked_up":{"minecraft:anvil":1,"minecraft:ladder":4,"minecraft:flower_pot":12,"marbledsarsenal:swat_armor_chestplate":1,"minecraft:stone_brick_stairs":1,"minecraft:brewing_stand":4,"minecraft:string":12,"minecraft:raw_copper":33,"minecraft:smooth_stone_slab":11,"tacz:ammo":249,"minecraft:oak_sign":2,"minecraft:cracked_stone_bricks":3,"minecraft:jungle_sapling":1,"minecraft:melon_slice":22,"minecraft:quartz_stairs":11,"minecraft:chest":2,"minecraft:furnace":1,"minecraft:phantom_membrane":1,"minecraft:dark_oak_door":6,"max_armory:diamond_long_sword":2,"minecraft:torch":46,"pointblank:gunmetal_nugget":140,"minecraft:polished_blackstone_bricks":1,"tacz:attachment":2,"minecraft:quartz_pillar":10,"marbledsarsenal:helmet_cm8m_gas_mask":1,"minecraft:cauldron":20,"mutantmonsters:hulk_hammer":1,"minecraft:quartz_block":309,"minecraft:cactus":11,"minecraft:rotten_flesh":125,"k_turrets:raw_titanium":12,"minecraft:polished_blackstone":1,"minecraft:iron_bars":8,"minecraft:cobblestone":523,"minecraft:enchanting_table":3,"table_top_craft:chess_piece_figure":4,"projectvibrantjourneys:fallen_leaves":1,"marbledsarsenal:swat_armor_boots":1,"minecraft:gunpowder":17,"minecraft:cobblestone_stairs":4,"create:small_deepslate_bricks":1,"minecraft:dirt":1,"minecraft:bone":26,"minecraft:apple":23,"minecraft:stone_bricks":11,"minecraft:gray_terracotta":11,"minecraft:iron_ingot":24,"minecraft:mossy_stone_bricks":1,"minecraft:glowstone_dust":3,"minecraft:moss_block":1,"minecraft:oak_planks":2,"minecraft:book":78,"marbledsarsenal:swat_armor_leggings":1,"minecraft:stone_brick_slab":1,"minecraft:gravel":2,"minecraft:cyan_bed":2,"minecraft:spider_eye":6,"usefulbackpacks:backpack_large":1,"minecraft:light_gray_terracotta":20,"minecraft:slime_ball":3,"tacz:modern_kinetic_gun":2,"minecraft:golden_apple":2,"alexsmobs:maggot":15,"minecraft:coal":74,"minecraft:ender_pearl":2,"minecraft:diamond_pickaxe":1},"minecraft:dropped":{"minecraft:iron_ingot":24,"minecraft:golden_apple":2,"minecraft:cobblestone_stairs":1,"minecraft:string":2,"max_armory:diamond_long_sword":1,"minecraft:rotten_flesh":3},"minecraft:used":{"minecraft:oak_sign":1,"minecraft:chest":4,"minecraft:stone":27,"minecraft:quartz_stairs":21,"minecraft:torch":179,"minecraft:quartz_pillar":18,"minecraft:quartz_block":88,"marbledsarsenal:police_baton":1,"mutantmonsters:hulk_hammer":3,"minecraft:cooked_beef":2,"minecraft:potato":24,"max_armory:diamond_long_sword":277,"minecraft:cobblestone_stairs":16,"table_top_craft:chess_piece_figure":6,"minecraft:baked_potato":2,"minecraft:oak_planks":36,"minecraft:cauldron":24,"minecraft:diamond_axe":60,"minecraft:stonecutter":1,"minecraft:golden_apple":6,"minecraft:dark_oak_door":7,"minecraft:diamond_pickaxe":1064,"minecraft:cyan_bed":2,"minecraft:bread":21,"minecraft:cobblestone":201}},"DataVersion":3465}