{"stats":{"minecraft:killed":{"alexsmobs:emu":1,"minecraft:zombie":55,"alexsmobs:leafcutter_ant":1,"alexsmobs:fly":4},"minecraft:custom":{"minecraft:interact_with_furnace":12,"minecraft:mob_kills":61,"minecraft:interact_with_crafting_table":18,"minecraft:damage_dealt_resisted":41,"minecraft:time_since_death":66316,"minecraft:sleep_in_bed":1,"minecraft:climb_one_cm":39593,"minecraft:time_since_rest":57789,"minecraft:sprint_one_cm":238578,"minecraft:walk_one_cm":267222,"minecraft:damage_taken":558,"minecraft:damage_absorbed":134,"minecraft:drop":3,"minecraft:damage_dealt":6181,"minecraft:damage_dealt_absorbed":40,"minecraft:fly_one_cm":110119,"minecraft:open_chest":121,"minecraft:crouch_one_cm":5100,"minecraft:play_time":66316,"minecraft:sneak_time":1900,"minecraft:jump":897,"minecraft:interact_with_blast_furnace":22,"minecraft:interact_with_smoker":4,"minecraft:walk_on_water_one_cm":1049,"minecraft:total_world_time":66316,"minecraft:fall_one_cm":31548},"minecraft:mined":{"minecraft:light_blue_stained_glass_pane":1,"minecraft:gray_terracotta":12,"minecraft:quartz_block":290,"minecraft:blue_stained_glass_pane":2,"minecraft:cobblestone_stairs":4,"minecraft:jungle_leaves":3,"minecraft:stone_brick_slab":1,"minecraft:potted_cactus":10,"minecraft:brewing_stand":4,"minecraft:torch":6,"minecraft:light_gray_terracotta":18,"minecraft:grass_block":1,"minecraft:melon":2,"minecraft:chest":1,"minecraft:white_stained_glass":2,"minecraft:glass":3,"minecraft:cobblestone":6,"minecraft:spruce_leaves":1,"minecraft:oak_planks":2,"minecraft:light_blue_stained_glass":2,"minecraft:wall_torch":9,"minecraft:spawner":6,"minecraft:cauldron":4,"minecraft:polished_blackstone_bricks":1,"minecraft:glowstone":2,"minecraft:furnace":1,"minecraft:smooth_stone_slab":6,"minecraft:anvil":2,"minecraft:stone_brick_stairs":1,"minecraft:enchanting_table":3,"minecraft:bookshelf":23,"minecraft:coal_ore":6,"minecraft:vine":1,"minecraft:iron_bars":8,"minecraft:cobweb":1,"minecraft:cracked_stone_bricks":4,"minecraft:polished_blackstone":1,"minecraft:stone_bricks":15,"minecraft:stone":6,"minecraft:mossy_stone_bricks":2,"minecraft:oak_leaves":7},"minecraft:crafted":{"minecraft:coal_block":14,"minecraft:oak_planks":96,"minecraft:coal":252,"minecraft:diamond_axe":1,"minecraft:baked_potato":24,"minecraft:cobblestone_stairs":16,"minecraft:air":0,"minecraft:golden_apple":4,"minecraft:stick":52,"minecraft:gold_ingot":41,"minecraft:torch":208},"minecraft:picked_up":{"minecraft:enchanting_table":3,"minecraft:flower_pot":10,"minecraft:ladder":4,"minecraft:anvil":1,"projectvibrantjourneys:fallen_leaves":1,"marbledsarsenal:swat_armor_boots":1,"marbledsarsenal:swat_armor_chestplate":1,"minecraft:stone_brick_stairs":1,"minecraft:brewing_stand":4,"minecraft:gunpowder":6,"minecraft:cobblestone_stairs":3,"minecraft:dirt":1,"minecraft:string":7,"minecraft:smooth_stone_slab":10,"tacz:ammo":249,"minecraft:bone":5,"minecraft:oak_sign":1,"minecraft:apple":23,"minecraft:stone_bricks":10,"minecraft:cracked_stone_bricks":2,"minecraft:gray_terracotta":11,"minecraft:jungle_sapling":1,"minecraft:mossy_stone_bricks":1,"minecraft:glowstone_dust":3,"minecraft:melon_slice":14,"minecraft:moss_block":1,"minecraft:oak_planks":2,"minecraft:furnace":1,"minecraft:book":69,"max_armory:diamond_long_sword":2,"marbledsarsenal:swat_armor_leggings":1,"minecraft:stone_brick_slab":1,"minecraft:torch":22,"minecraft:polished_blackstone_bricks":1,"pointblank:gunmetal_nugget":51,"tacz:attachment":2,"usefulbackpacks:backpack_large":1,"minecraft:spider_eye":1,"marbledsarsenal:helmet_cm8m_gas_mask":1,"minecraft:cauldron":4,"minecraft:quartz_block":290,"minecraft:light_gray_terracotta":20,"minecraft:cactus":9,"minecraft:rotten_flesh":37,"tacz:modern_kinetic_gun":2,"minecraft:polished_blackstone":1,"alexsmobs:maggot":6,"minecraft:iron_bars":8,"minecraft:coal":10,"minecraft:cobblestone":11,"minecraft:diamond_pickaxe":1},"minecraft:dropped":{"minecraft:rotten_flesh":3,"minecraft:string":2,"max_armory:diamond_long_sword":1},"minecraft:used":{"minecraft:cobblestone_stairs":6,"minecraft:oak_planks":36,"minecraft:oak_sign":1,"minecraft:diamond_axe":39,"minecraft:torch":141,"minecraft:golden_apple":5,"minecraft:diamond_pickaxe":429,"minecraft:bread":13,"marbledsarsenal:police_baton":1,"minecraft:cobblestone":83,"minecraft:cooked_beef":2,"max_armory:diamond_long_sword":113}},"DataVersion":3465}