{"stats":{"minecraft:killed":{"minecraft:zombie":3},"minecraft:custom":{"minecraft:time_since_rest":53444,"minecraft:open_chest":46,"minecraft:crouch_one_cm":175,"minecraft:play_time":53444,"minecraft:sprint_one_cm":516,"minecraft:walk_one_cm":16832,"minecraft:sneak_time":123,"minecraft:mob_kills":3,"minecraft:drop":4,"minecraft:jump":20,"minecraft:damage_dealt":134,"minecraft:leave_game":1,"minecraft:time_since_death":53444,"minecraft:total_world_time":53444,"minecraft:fly_one_cm":6721},"minecraft:picked_up":{"projectvibrantjourneys:fallen_leaves":1,"minecraft:red_mushroom":1,"minecraft:sugar_cane":1,"minecraft:moss_carpet":1},"minecraft:dropped":{"minecraft:moss_carpet":1,"minecraft:sugar_cane":1,"projectvibrantjourneys:fallen_leaves":1,"minecraft:red_mushroom":1},"minecraft:used":{"minecraft:chest":13}},"DataVersion":3465}