{"stats":{"minecraft:killed":{"alexsmobs:leafcutter_ant":1,"minecraft:ocelot":1,"minecraft:zombie":91,"alexsmobs:cockroach":1,"alexsmobs:fly":3},"minecraft:custom":{"minecraft:mob_kills":97,"minecraft:interact_with_anvil":1,"minecraft:interact_with_crafting_table":17,"minecraft:damage_dealt_resisted":123,"minecraft:leave_game":2,"minecraft:time_since_death":227482,"minecraft:climb_one_cm":43236,"minecraft:sprint_one_cm":379111,"minecraft:walk_one_cm":651714,"minecraft:drop":41,"minecraft:damage_dealt_absorbed":40,"minecraft:play_time":227482,"minecraft:sneak_time":2378,"minecraft:walk_under_water_one_cm":1203,"minecraft:jump":1398,"minecraft:interact_with_blast_furnace":1,"minecraft:enchant_item":3,"minecraft:walk_on_water_one_cm":1529,"minecraft:total_world_time":227482,"minecraft:interact_with_furnace":25,"minecraft:pot_flower":2,"minecraft:interact_with_stonecutter":1,"minecraft:sleep_in_bed":1,"minecraft:time_since_rest":93789,"minecraft:damage_taken":996,"minecraft:damage_absorbed":40,"minecraft:damage_dealt":15208,"minecraft:fly_one_cm":239079,"minecraft:open_chest":197,"minecraft:crouch_one_cm":4309,"minecraft:interact_with_smoker":6,"minecraft:fall_one_cm":33040},"minecraft:mined":{"minecraft:light_blue_stained_glass_pane":1,"minecraft:cobblestone_stairs":2,"minecraft:potted_cactus":2,"minecraft:spruce_leaves":1,"minecraft:moss_block":2,"minecraft:light_blue_stained_glass":3,"minecraft:oak_trapdoor":1,"minecraft:cobbled_deepslate":3,"minecraft:cobblestone_slab":4,"minecraft:stone":10,"minecraft:gray_terracotta":1,"minecraft:quartz_block":15,"minecraft:glass_pane":2,"minecraft:light_gray_terracotta":1,"minecraft:gray_stained_glass":2,"minecraft:cobblestone":4,"minecraft:oak_planks":2,"minecraft:grass":1,"minecraft:sand":2,"minecraft:dirt":11,"minecraft:cracked_stone_bricks":1,"minecraft:stone_bricks":1,"minecraft:oak_leaves":1,"minecraft:deepslate":4,"table_top_craft:chess_piece_figure":1},"minecraft:crafted":{"marbledsarsenal:desert_military_armor_boots":1,"minecraft:oak_planks":32,"minecraft:cobblestone_slab":6,"minecraft:coal":171,"minecraft:oak_sign":6,"minecraft:cobblestone_stairs":12,"marbledsarsenal:desert_military_armor_helmet":1,"minecraft:oak_trapdoor":2,"minecraft:chest":2,"marbledsapi:steel_ingot":53,"minecraft:wheat":315,"marbledsapi:steel_sheet":4,"minecraft:crafting_table":1,"marbledsarsenal:desert_military_armor_leggings":1,"marbledsarsenal:desert_military_armor_chestplate":1,"minecraft:bread":105,"minecraft:air":0,"marbledsapi:raw_steel":57,"minecraft:golden_apple":1,"minecraft:stick":8,"minecraft:lapis_lazuli":18},"minecraft:picked_up":{"minecraft:anvil":1,"minecraft:flower_pot":2,"minecraft:oak_trapdoor":1,"minecraft:string":2,"minecraft:moss_carpet":2,"minecraft:oak_sign":1,"minecraft:cobbled_deepslate":7,"minecraft:cobblestone_slab":6,"minecraft:poppy":1,"minecraft:sugar_cane":1,"minecraft:chest":64,"minecraft:egg":13,"max_armory:diamond_long_sword":2,"minecraft:porkchop":2,"pointblank:gunmetal_nugget":33,"create:hand_crank":1,"alexsmobs:leafcutter_ant_pupa":2,"marbledsarsenal:helmet_cm8m_gas_mask":1,"minecraft:quartz_block":4,"minecraft:cactus":4,"minecraft:rotten_flesh":31,"minecraft:cobblestone":31,"table_top_craft:chess_piece_figure":5,"projectvibrantjourneys:fallen_leaves":2,"alexsmobs:acacia_blossom":1,"minecraft:red_mushroom":1,"max_armory:diamond_katana":1,"minecraft:gunpowder":4,"minecraft:cobblestone_stairs":3,"minecraft:dirt":11,"minecraft:bone":9,"minecraft:stone_bricks":1,"minecraft:wheat_seeds":6,"alexsmobs:cockroach_wing_fragment":2,"minecraft:glowstone_dust":4,"minecraft:acacia_sapling":2,"minecraft:moss_block":2,"minecraft:oak_planks":2,"minecraft:sand":13,"minecraft:spider_eye":1,"minecraft:light_gray_terracotta":1,"minecraft:slime_ball":1},"minecraft:dropped":{"marbledsarsenal:swat_armor_boots":1,"marbledsarsenal:helmet_cm8m_gas_mask":2,"minecraft:red_mushroom":1,"projectvibrantjourneys:fallen_leaves":1,"tacz:modern_kinetic_gun":2,"minecraft:sand":2,"max_armory:diamond_long_sword":3,"minecraft:bucket":1,"usefulbackpacks:backpack_large":2,"minecraft:moss_carpet":1,"minecraft:sugar_cane":1,"marbledsarsenal:swat_armor_chestplate":1,"marbledsarsenal:swat_armor_leggings":1,"minecraft:oak_sign":6,"pointblank:gunmetal_nugget":4,"max_armory:diamond_katana":1,"minecraft:diamond_pickaxe":1,"minecraft:chest":4,"marbledsarsenal:helmet_cm6m_gas_mask":1,"tacz:ammo":249,"tacz:attachment":2},"minecraft:used":{"minecraft:oak_trapdoor":1,"minecraft:moss_block":2,"minecraft:enchanting_table":1,"minecraft:ladder":4,"minecraft:oak_sign":1,"tacz:gun_smith_table":5,"minecraft:chest":15,"minecraft:stone":6,"create:mechanical_pump":1,"minecraft:dirt":6,"minecraft:anvil":2,"create:cogwheel":2,"create:depot":2,"marbledsarsenal:swat_armor_helmet":1,"marbledsarsenal:swat_armor_chestplate":1,"minecraft:bookshelf":22,"minecraft:grass_block":98,"minecraft:furnace":5,"create:fluid_pipe":5,"minecraft:egg":12,"minecraft:cobbled_deepslate":29,"max_armory:diamond_long_sword":231,"create:fluid_valve":1,"minecraft:cobbled_deepslate_wall":135,"minecraft:cobblestone_stairs":3,"table_top_craft:chess_piece_figure":3,"pointblank:printer":1,"minecraft:oak_planks":2,"minecraft:cactus":2,"marbledsarsenal:swat_armor_boots":1,"minecraft:cauldron":2,"minecraft:cobblestone_slab":8,"create:spout":1,"minecraft:golden_apple":3,"minecraft:sand":3,"minecraft:crafting_table":1,"minecraft:lime_bed":1,"minecraft:blast_furnace":3,"minecraft:dark_oak_door":5,"minecraft:black_bed":1,"minecraft:cobbled_deepslate_stairs":12,"minecraft:smoker":1,"minecraft:flower_pot":2,"minecraft:diamond_pickaxe":49,"create:mechanical_press":2,"minecraft:cyan_bed":1,"minecraft:bread":27,"marbledsarsenal:swat_armor_leggings":1,"minecraft:deepslate":208,"minecraft:cobblestone":25,"create:hand_crank":4,"create:large_cogwheel":2}},"DataVersion":3465}