{"stats":{"minecraft:killed":{"minecraft:zombie":4},"minecraft:custom":{"minecraft:time_since_rest":71482,"minecraft:open_chest":48,"minecraft:crouch_one_cm":229,"minecraft:sprint_one_cm":3933,"minecraft:play_time":71482,"minecraft:walk_one_cm":84565,"minecraft:sneak_time":155,"minecraft:mob_kills":4,"minecraft:drop":4,"minecraft:jump":50,"minecraft:damage_dealt":134,"minecraft:leave_game":2,"minecraft:time_since_death":71482,"minecraft:total_world_time":71482,"minecraft:fly_one_cm":37159},"minecraft:picked_up":{"minecraft:rotten_flesh":1,"projectvibrantjourneys:fallen_leaves":2,"minecraft:wheat_seeds":4,"minecraft:red_mushroom":1,"pointblank:gunmetal_nugget":3,"minecraft:poppy":1,"minecraft:sugar_cane":1,"minecraft:acacia_sapling":1,"minecraft:moss_carpet":2},"minecraft:dropped":{"minecraft:moss_carpet":1,"minecraft:sugar_cane":1,"projectvibrantjourneys:fallen_leaves":1,"minecraft:red_mushroom":1},"minecraft:used":{"minecraft:cobbled_deepslate_wall":135,"minecraft:grass_block":95,"minecraft:chest":13,"minecraft:cobbled_deepslate_stairs":12,"minecraft:deepslate":109}},"DataVersion":3465}