{"stats":{"minecraft:custom":{"minecraft:jump":16,"minecraft:open_chest":4,"minecraft:time_since_rest":5475,"minecraft:sprint_one_cm":318,"minecraft:play_time":5475,"minecraft:time_since_death":5475,"minecraft:walk_one_cm":5885,"minecraft:total_world_time":5475,"minecraft:drop":2,"minecraft:fly_one_cm":4687},"minecraft:picked_up":{"projectvibrantjourneys:fallen_leaves":1,"minecraft:moss_carpet":1},"minecraft:dropped":{"projectvibrantjourneys:fallen_leaves":1,"minecraft:moss_carpet":1},"minecraft:used":{"minecraft:chest":4}},"DataVersion":3465}