{"stats":{"minecraft:killed":{"minecraft:zombie":3},"minecraft:custom":{"minecraft:time_since_rest":59482,"minecraft:open_chest":46,"minecraft:crouch_one_cm":175,"minecraft:sprint_one_cm":1793,"minecraft:play_time":59482,"minecraft:walk_one_cm":46904,"minecraft:sneak_time":123,"minecraft:mob_kills":3,"minecraft:drop":4,"minecraft:jump":25,"minecraft:damage_dealt":134,"minecraft:leave_game":2,"minecraft:time_since_death":59482,"minecraft:total_world_time":59482,"minecraft:fly_one_cm":8761},"minecraft:picked_up":{"projectvibrantjourneys:fallen_leaves":1,"minecraft:wheat_seeds":1,"minecraft:red_mushroom":1,"minecraft:sugar_cane":1,"minecraft:moss_carpet":2},"minecraft:dropped":{"minecraft:moss_carpet":1,"minecraft:sugar_cane":1,"projectvibrantjourneys:fallen_leaves":1,"minecraft:red_mushroom":1},"minecraft:used":{"minecraft:grass_block":53,"minecraft:chest":13,"minecraft:deepslate":107}},"DataVersion":3465}