{"stats":{"minecraft:custom":{"minecraft:jump":17,"minecraft:open_chest":19,"minecraft:time_since_rest":17475,"minecraft:damage_dealt":63,"minecraft:sprint_one_cm":318,"minecraft:play_time":17475,"minecraft:time_since_death":17475,"minecraft:walk_one_cm":7735,"minecraft:sneak_time":28,"minecraft:total_world_time":17475,"minecraft:drop":2,"minecraft:fly_one_cm":4687},"minecraft:picked_up":{"projectvibrantjourneys:fallen_leaves":1,"minecraft:sugar_cane":1,"minecraft:red_mushroom":1,"minecraft:moss_carpet":1},"minecraft:dropped":{"projectvibrantjourneys:fallen_leaves":1,"minecraft:moss_carpet":1},"minecraft:used":{"minecraft:chest":5}},"DataVersion":3465}