{"stats":{"minecraft:killed":{"minecraft:zombie":6,"alexsmobs:fly":1},"minecraft:custom":{"minecraft:time_since_rest":95482,"minecraft:sprint_one_cm":27272,"minecraft:walk_one_cm":133126,"minecraft:mob_kills":7,"minecraft:drop":12,"minecraft:damage_dealt":359,"minecraft:interact_with_crafting_table":1,"minecraft:fly_one_cm":76264,"minecraft:open_chest":63,"minecraft:crouch_one_cm":518,"minecraft:play_time":95482,"minecraft:sneak_time":255,"minecraft:jump":131,"minecraft:leave_game":2,"minecraft:time_since_death":95482,"minecraft:climb_one_cm":588,"minecraft:total_world_time":95482},"minecraft:mined":{"minecraft:dirt":8,"minecraft:cobblestone":1,"minecraft:deepslate":4},"minecraft:picked_up":{"projectvibrantjourneys:fallen_leaves":2,"alexsmobs:acacia_blossom":1,"minecraft:red_mushroom":1,"pointblank:gunmetal_nugget":9,"max_armory:diamond_katana":1,"create:hand_crank":1,"minecraft:gunpowder":1,"minecraft:string":1,"marbledsarsenal:helmet_cm8m_gas_mask":1,"minecraft:dirt":8,"minecraft:moss_carpet":2,"minecraft:bone":1,"minecraft:rotten_flesh":7,"minecraft:wheat_seeds":6,"minecraft:cobbled_deepslate":4,"minecraft:poppy":1,"minecraft:chest":64,"minecraft:sugar_cane":1,"minecraft:acacia_sapling":2,"minecraft:cobblestone":1},"minecraft:dropped":{"minecraft:moss_carpet":1,"max_armory:diamond_katana":1,"minecraft:sugar_cane":1,"projectvibrantjourneys:fallen_leaves":1,"minecraft:chest":4,"marbledsarsenal:helmet_cm6m_gas_mask":1,"marbledsarsenal:helmet_cm8m_gas_mask":1,"minecraft:bucket":1,"minecraft:red_mushroom":1},"minecraft:used":{"minecraft:cobbled_deepslate_wall":135,"marbledsarsenal:swat_armor_chestplate":1,"minecraft:diamond_pickaxe":5,"create:mechanical_press":2,"minecraft:grass_block":98,"minecraft:ladder":4,"pointblank:printer":1,"tacz:gun_smith_table":5,"minecraft:chest":13,"minecraft:stone":5,"marbledsarsenal:swat_armor_leggings":1,"marbledsarsenal:swat_armor_boots":1,"minecraft:cauldron":2,"minecraft:deepslate":208,"create:spout":1,"create:mechanical_pump":1,"minecraft:dirt":3,"minecraft:cobblestone":1,"create:cogwheel":2,"create:fluid_pipe":5,"create:hand_crank":4,"create:depot":2,"minecraft:cobbled_deepslate":16,"marbledsarsenal:swat_armor_helmet":1,"max_armory:diamond_long_sword":4,"minecraft:cobbled_deepslate_stairs":12,"create:fluid_valve":1,"create:large_cogwheel":2}},"DataVersion":3465}