{"stats":{"minecraft:killed":{"alexsmobs:leafcutter_ant":1,"minecraft:tropical_fish":1,"minecraft:ocelot":1,"minecraft:zombie_villager":4,"minecraft:zombie":218,"alexsmobs:cockroach":1,"alexsmobs:fly":5},"minecraft:custom":{"minecraft:mob_kills":231,"minecraft:interact_with_anvil":1,"minecraft:interact_with_crafting_table":26,"minecraft:damage_dealt_resisted":566,"minecraft:leave_game":2,"minecraft:time_since_death":365482,"minecraft:climb_one_cm":48363,"minecraft:sprint_one_cm":675924,"minecraft:walk_one_cm":1024859,"minecraft:drop":80,"minecraft:damage_dealt_absorbed":40,"minecraft:play_time":365482,"minecraft:sneak_time":5496,"minecraft:walk_under_water_one_cm":5294,"minecraft:jump":3182,"minecraft:interact_with_blast_furnace":99,"minecraft:enchant_item":4,"minecraft:walk_on_water_one_cm":16432,"minecraft:total_world_time":365482,"minecraft:interact_with_furnace":32,"minecraft:play_record":2,"minecraft:pot_flower":2,"minecraft:interact_with_stonecutter":5,"minecraft:sleep_in_bed":1,"minecraft:time_since_rest":231789,"minecraft:damage_taken":1356,"minecraft:damage_absorbed":64,"minecraft:damage_dealt":35224,"minecraft:swim_one_cm":5822,"minecraft:fly_one_cm":668185,"minecraft:open_chest":301,"minecraft:crouch_one_cm":9059,"minecraft:interact_with_smoker":7,"minecraft:fall_one_cm":63422},"minecraft:mined":{"minecraft:light_blue_stained_glass_pane":1,"minecraft:mossy_cobblestone":1,"minecraft:cobblestone_stairs":2,"minecraft:potted_cactus":2,"projectvibrantjourneys:rocks":1,"minecraft:jungle_log":4,"minecraft:spruce_leaves":1,"minecraft:moss_block":6,"minecraft:light_blue_stained_glass":3,"minecraft:oak_trapdoor":1,"minecraft:iron_ore":140,"minecraft:cobbled_deepslate":4,"minecraft:moss_carpet":1,"minecraft:pointed_dripstone":40,"minecraft:deepslate_iron_ore":15,"minecraft:cave_vines":2,"minecraft:vine":2,"minecraft:cobblestone_slab":4,"minecraft:azalea":1,"minecraft:stone":113,"create:small_deepslate_bricks":1,"minecraft:gray_terracotta":1,"minecraft:quartz_block":15,"minecraft:glass_pane":2,"minecraft:light_gray_terracotta":1,"minecraft:gray_stained_glass":2,"minecraft:tall_grass":1,"minecraft:cobblestone":34,"minecraft:deepslate_gold_ore":12,"minecraft:oak_planks":2,"overworld_netherite_ore:deepslate_ancient_debris_ore":2,"minecraft:grass":4,"minecraft:coal_ore":3,"projectvibrantjourneys:short_grass":1,"minecraft:dripstone_block":1,"minecraft:sand":2,"minecraft:dirt":11,"minecraft:cracked_stone_bricks":1,"minecraft:stone_bricks":1,"minecraft:oak_leaves":1,"minecraft:deepslate":9,"table_top_craft:chess_piece_figure":1},"minecraft:crafted":{"marbledsarsenal:swat_armor_leggings":1,"marbledsarsenal:desert_military_armor_boots":1,"minecraft:smooth_stone":2,"minecraft:oak_planks":32,"minecraft:cobblestone_slab":6,"minecraft:coal":171,"minecraft:oak_sign":6,"marbledsarsenal:swat_armor_chestplate":1,"minecraft:stone":3,"minecraft:cobblestone_stairs":12,"marbledsarsenal:desert_military_armor_helmet":1,"minecraft:oak_trapdoor":2,"marbledsarsenal:swat_armor_boots":1,"minecraft:chest":2,"marbledsapi:steel_ingot":57,"minecraft:wheat":315,"marbledsapi:steel_sheet":8,"minecraft:cauldron":12,"minecraft:crafting_table":1,"minecraft:copper_ingot":11,"minecraft:bucket":6,"marbledsarsenal:desert_military_armor_leggings":1,"marbledsarsenal:desert_military_armor_chestplate":1,"marbledsarsenal:swat_armor_helmet":1,"minecraft:bread":105,"minecraft:air":0,"minecraft:jungle_planks":16,"minecraft:blue_dye":6,"marbledsapi:raw_steel":57,"minecraft:golden_apple":1,"minecraft:stick":40,"minecraft:iron_ingot":689,"minecraft:armor_stand":1,"create:layered_deepslate":21,"minecraft:lapis_lazuli":18,"create:small_deepslate_bricks":21},"minecraft:picked_up":{"minecraft:anvil":1,"minecraft:flower_pot":2,"marbledsarsenal:swat_armor_chestplate":1,"minecraft:oak_trapdoor":1,"minecraft:string":3,"minecraft:moss_carpet":3,"minecraft:smooth_stone_slab":11,"tacz:ammo":72,"minecraft:armor_stand":1,"minecraft:oak_sign":1,"minecraft:cobbled_deepslate":13,"minecraft:bucket":13,"minecraft:cobblestone_slab":6,"minecraft:azalea":1,"minecraft:poppy":1,"minecraft:sugar_cane":1,"minecraft:chest":64,"minecraft:egg":13,"max_armory:diamond_long_sword":2,"minecraft:raw_iron":587,"marbledsarsenal:police_baton":1,"minecraft:porkchop":2,"pointblank:gunmetal_nugget":155,"minecraft:pointed_dripstone":76,"create:hand_crank":1,"alexsmobs:leafcutter_ant_pupa":2,"marbledsarsenal:helmet_cm8m_gas_mask":1,"pointblank:m1911a1":1,"minecraft:quartz_block":60,"minecraft:cactus":5,"minecraft:rotten_flesh":176,"minecraft:tropical_fish":4,"minecraft:saddle":1,"minecraft:cobblestone":323,"minecraft:glow_ink_sac":3,"minecraft:jungle_log":4,"table_top_craft:chess_piece_figure":6,"projectvibrantjourneys:fallen_leaves":2,"alexsmobs:acacia_blossom":1,"minecraft:red_mushroom":1,"marbledsarsenal:swat_armor_boots":1,"overworld_netherite_ore:ancientdebrispiece":2,"max_armory:diamond_katana":1,"minecraft:gunpowder":23,"minecraft:cobblestone_stairs":3,"minecraft:dirt":11,"minecraft:white_banner":1,"minecraft:bone":19,"ecologics:music_disc_coconut":1,"minecraft:stone_bricks":8,"minecraft:gray_terracotta":11,"minecraft:wheat_seeds":7,"minecraft:raw_gold":20,"alexsmobs:cockroach_wing_fragment":2,"minecraft:iron_ingot":51,"minecraft:glowstone_dust":4,"minecraft:acacia_sapling":2,"minecraft:moss_block":6,"minecraft:oak_planks":2,"marbledsarsenal:helmet_cm7m_gas_mask":1,"marbledsarsenal:swat_armor_leggings":1,"minecraft:sand":13,"overworld_netherite_ore:large_ancient_shard":1,"minecraft:spider_eye":7,"minecraft:mossy_cobblestone":1,"minecraft:light_gray_terracotta":1,"minecraft:slime_ball":1,"tacz:modern_kinetic_gun":1,"minecraft:golden_apple":2,"alexsmobs:maggot":7,"minecraft:coal":10,"minecraft:diamond_pickaxe":2},"minecraft:dropped":{"minecraft:iron_ingot":60,"minecraft:diamond_axe":1,"minecraft:cobblestone":139,"minecraft:saddle":1,"marbledsarsenal:swat_armor_boots":2,"marbledsarsenal:helmet_cm8m_gas_mask":2,"table_top_craft:chess_piece_figure":1,"minecraft:coal":5,"minecraft:red_mushroom":1,"minecraft:lava_bucket":11,"projectvibrantjourneys:fallen_leaves":1,"tacz:modern_kinetic_gun":3,"minecraft:sand":2,"max_armory:diamond_long_sword":3,"minecraft:bucket":7,"minecraft:cauldron":12,"marbledsarsenal:swat_armor_helmet":1,"usefulbackpacks:backpack_large":2,"minecraft:moss_carpet":1,"minecraft:sugar_cane":1,"marbledsarsenal:swat_armor_chestplate":2,"minecraft:smooth_stone_slab":11,"marbledsarsenal:swat_armor_leggings":2,"minecraft:pointed_dripstone":76,"minecraft:oak_sign":6,"pointblank:gunmetal_nugget":35,"max_armory:diamond_katana":1,"minecraft:gray_terracotta":11,"minecraft:diamond_pickaxe":3,"minecraft:quartz_block":56,"minecraft:chest":4,"marbledsarsenal:helmet_cm6m_gas_mask":1,"minecraft:stone_bricks":7,"tacz:ammo":312,"tacz:attachment":2},"minecraft:used":{"minecraft:oak_trapdoor":1,"minecraft:moss_block":6,"minecraft:enchanting_table":1,"minecraft:armor_stand":2,"create:layered_deepslate":10,"minecraft:ladder":4,"minecraft:oak_sign":1,"tacz:gun_smith_table":5,"minecraft:chest":15,"minecraft:stone":6,"create:cut_deepslate_bricks":12,"create:small_deepslate_bricks":19,"create:mechanical_pump":1,"minecraft:dirt":6,"minecraft:anvil":2,"create:cogwheel":2,"create:depot":2,"marbledsarsenal:swat_armor_helmet":1,"marbledsarsenal:swat_armor_chestplate":1,"minecraft:bookshelf":22,"minecraft:grass_block":98,"minecraft:item_frame":3,"minecraft:furnace":5,"create:fluid_pipe":5,"minecraft:egg":12,"minecraft:cobbled_deepslate":29,"max_armory:diamond_long_sword":513,"create:fluid_valve":1,"minecraft:cobbled_deepslate_wall":135,"minecraft:cobblestone_stairs":3,"table_top_craft:chess_piece_figure":3,"pointblank:printer":1,"minecraft:oak_planks":2,"minecraft:cactus":2,"marbledsarsenal:swat_armor_boots":1,"minecraft:cauldron":2,"minecraft:diamond_axe":6,"minecraft:cobblestone_slab":8,"create:spout":1,"minecraft:mossy_cobblestone":1,"ecologics:music_disc_coconut":2,"minecraft:golden_apple":5,"minecraft:sand":3,"minecraft:crafting_table":1,"minecraft:lime_bed":1,"minecraft:blast_furnace":3,"minecraft:dark_oak_door":5,"minecraft:black_bed":1,"minecraft:cobbled_deepslate_stairs":12,"minecraft:smoker":1,"marbledsarsenal:desert_military_armor_boots":1,"minecraft:flower_pot":2,"minecraft:diamond_pickaxe":413,"create:mechanical_press":2,"minecraft:cyan_bed":1,"minecraft:bread":45,"marbledsarsenal:swat_armor_leggings":1,"minecraft:deepslate":208,"minecraft:cobblestone":118,"minecraft:white_banner":1,"minecraft:bucket":13,"create:hand_crank":4,"create:large_cogwheel":2}},"DataVersion":3465}