{"stats":{"minecraft:killed":{"minecraft:zombie":4},"minecraft:custom":{"minecraft:time_since_rest":83482,"minecraft:sprint_one_cm":15754,"minecraft:walk_one_cm":117384,"minecraft:mob_kills":4,"minecraft:drop":4,"minecraft:damage_dealt":134,"minecraft:fly_one_cm":62531,"minecraft:open_chest":52,"minecraft:crouch_one_cm":518,"minecraft:play_time":83482,"minecraft:sneak_time":255,"minecraft:jump":91,"minecraft:leave_game":2,"minecraft:time_since_death":83482,"minecraft:climb_one_cm":56,"minecraft:total_world_time":83482},"minecraft:picked_up":{"projectvibrantjourneys:fallen_leaves":2,"alexsmobs:acacia_blossom":1,"minecraft:red_mushroom":1,"pointblank:gunmetal_nugget":3,"create:hand_crank":1,"minecraft:moss_carpet":2,"minecraft:rotten_flesh":1,"minecraft:wheat_seeds":5,"minecraft:poppy":1,"minecraft:sugar_cane":1,"minecraft:acacia_sapling":2},"minecraft:dropped":{"minecraft:moss_carpet":1,"minecraft:sugar_cane":1,"projectvibrantjourneys:fallen_leaves":1,"minecraft:red_mushroom":1},"minecraft:used":{"minecraft:cobbled_deepslate_wall":135,"create:mechanical_press":2,"minecraft:grass_block":98,"pointblank:printer":1,"tacz:gun_smith_table":5,"minecraft:chest":13,"minecraft:stone":3,"minecraft:cauldron":2,"minecraft:deepslate":208,"create:spout":1,"create:mechanical_pump":1,"minecraft:dirt":1,"create:cogwheel":2,"create:fluid_pipe":5,"create:hand_crank":4,"create:depot":2,"minecraft:cobbled_deepslate_stairs":12,"create:fluid_valve":1,"create:large_cogwheel":2}},"DataVersion":3465}