{"stats":{"minecraft:killed":{"minecraft:zombie":34,"alexsmobs:fly":1},"minecraft:custom":{"minecraft:interact_with_furnace":6,"minecraft:mob_kills":35,"minecraft:interact_with_crafting_table":8,"minecraft:damage_dealt_resisted":123,"minecraft:leave_game":2,"minecraft:sleep_in_bed":1,"minecraft:time_since_death":155482,"minecraft:climb_one_cm":18487,"minecraft:time_since_rest":21789,"minecraft:sprint_one_cm":164801,"minecraft:damage_taken":155,"minecraft:walk_one_cm":385543,"minecraft:drop":38,"minecraft:damage_dealt":5183,"minecraft:fly_one_cm":124876,"minecraft:open_chest":112,"minecraft:crouch_one_cm":2889,"minecraft:play_time":155482,"minecraft:sneak_time":894,"minecraft:jump":539,"minecraft:interact_with_blast_furnace":1,"minecraft:interact_with_smoker":6,"minecraft:total_world_time":155482,"minecraft:fall_one_cm":7531},"minecraft:mined":{"minecraft:quartz_block":15,"minecraft:cobblestone_stairs":2,"minecraft:cobblestone":2,"minecraft:oak_trapdoor":1,"minecraft:cobbled_deepslate":3,"minecraft:cobblestone_slab":4,"minecraft:dirt":9,"minecraft:cracked_stone_bricks":1,"minecraft:stone_bricks":1,"minecraft:stone":4,"minecraft:deepslate":4},"minecraft:crafted":{"minecraft:oak_planks":32,"minecraft:cobblestone_slab":6,"minecraft:oak_sign":6,"minecraft:crafting_table":1,"minecraft:cobblestone_stairs":12,"minecraft:bread":105,"minecraft:oak_trapdoor":2,"minecraft:stick":8,"minecraft:wheat":315},"minecraft:picked_up":{"table_top_craft:chess_piece_figure":3,"projectvibrantjourneys:fallen_leaves":2,"alexsmobs:acacia_blossom":1,"minecraft:red_mushroom":1,"max_armory:diamond_katana":1,"minecraft:cobblestone_stairs":3,"minecraft:gunpowder":1,"minecraft:dirt":9,"minecraft:string":1,"minecraft:oak_trapdoor":1,"minecraft:moss_carpet":2,"minecraft:bone":2,"minecraft:oak_sign":1,"minecraft:wheat_seeds":6,"minecraft:cobbled_deepslate":7,"minecraft:cobblestone_slab":6,"minecraft:poppy":1,"minecraft:glowstone_dust":4,"minecraft:sugar_cane":1,"minecraft:chest":64,"minecraft:acacia_sapling":2,"minecraft:egg":12,"max_armory:diamond_long_sword":2,"minecraft:porkchop":2,"pointblank:gunmetal_nugget":9,"create:hand_crank":1,"minecraft:spider_eye":1,"marbledsarsenal:helmet_cm8m_gas_mask":1,"minecraft:quartz_block":4,"minecraft:rotten_flesh":8,"minecraft:cobblestone":23},"minecraft:dropped":{"usefulbackpacks:backpack_large":2,"minecraft:moss_carpet":1,"minecraft:sugar_cane":1,"marbledsarsenal:swat_armor_chestplate":1,"marbledsarsenal:swat_armor_leggings":1,"marbledsarsenal:swat_armor_boots":1,"marbledsarsenal:helmet_cm8m_gas_mask":2,"minecraft:oak_sign":6,"minecraft:red_mushroom":1,"max_armory:diamond_katana":1,"minecraft:diamond_pickaxe":1,"projectvibrantjourneys:fallen_leaves":1,"minecraft:chest":4,"marbledsarsenal:helmet_cm6m_gas_mask":1,"tacz:modern_kinetic_gun":2,"tacz:ammo":249,"max_armory:diamond_long_sword":3,"minecraft:bucket":1,"tacz:attachment":2},"minecraft:used":{"minecraft:cobbled_deepslate_wall":135,"minecraft:oak_trapdoor":1,"minecraft:enchanting_table":1,"minecraft:cobblestone_stairs":3,"pointblank:printer":1,"minecraft:ladder":4,"minecraft:oak_sign":1,"tacz:gun_smith_table":5,"minecraft:chest":13,"minecraft:stone":6,"minecraft:cauldron":2,"marbledsarsenal:swat_armor_boots":1,"minecraft:cobblestone_slab":8,"create:spout":1,"minecraft:golden_apple":1,"minecraft:dirt":6,"create:mechanical_pump":1,"minecraft:anvil":1,"minecraft:lime_bed":1,"minecraft:crafting_table":1,"create:cogwheel":2,"minecraft:blast_furnace":3,"create:depot":2,"minecraft:black_bed":1,"marbledsarsenal:swat_armor_helmet":1,"minecraft:cobbled_deepslate_stairs":12,"minecraft:smoker":1,"minecraft:dark_oak_door":5,"marbledsarsenal:swat_armor_chestplate":1,"minecraft:diamond_pickaxe":36,"minecraft:bookshelf":22,"create:mechanical_press":2,"minecraft:bread":6,"minecraft:grass_block":98,"minecraft:cyan_bed":1,"marbledsarsenal:swat_armor_leggings":1,"minecraft:deepslate":208,"minecraft:cobblestone":11,"minecraft:furnace":5,"create:fluid_pipe":5,"minecraft:egg":12,"create:hand_crank":4,"minecraft:cobbled_deepslate":29,"max_armory:diamond_long_sword":73,"create:fluid_valve":1,"create:large_cogwheel":2}},"DataVersion":3465}