{"stats":{"minecraft:killed":{"minecraft:zombie":11,"alexsmobs:fly":1},"minecraft:custom":{"minecraft:mob_kills":12,"minecraft:interact_with_crafting_table":7,"minecraft:leave_game":2,"minecraft:time_since_death":119482,"minecraft:climb_one_cm":588,"minecraft:time_since_rest":119482,"minecraft:sprint_one_cm":92241,"minecraft:walk_one_cm":209368,"minecraft:drop":18,"minecraft:damage_dealt":1384,"minecraft:fly_one_cm":84963,"minecraft:open_chest":93,"minecraft:crouch_one_cm":2098,"minecraft:play_time":119482,"minecraft:sneak_time":629,"minecraft:jump":213,"minecraft:total_world_time":119482},"minecraft:mined":{"minecraft:cobblestone":2,"minecraft:oak_trapdoor":1,"minecraft:cobbled_deepslate":2,"minecraft:cobblestone_slab":4,"minecraft:dirt":9,"minecraft:stone":2,"minecraft:deepslate":4},"minecraft:crafted":{"minecraft:oak_planks":32,"minecraft:cobblestone_slab":6,"minecraft:oak_sign":6,"minecraft:crafting_table":1,"minecraft:cobblestone_stairs":12,"minecraft:bread":18,"minecraft:oak_trapdoor":2,"minecraft:stick":8,"minecraft:wheat":54},"minecraft:picked_up":{"table_top_craft:chess_piece_figure":3,"projectvibrantjourneys:fallen_leaves":2,"alexsmobs:acacia_blossom":1,"minecraft:red_mushroom":1,"max_armory:diamond_katana":1,"minecraft:gunpowder":1,"minecraft:dirt":9,"minecraft:string":1,"minecraft:oak_trapdoor":1,"minecraft:moss_carpet":2,"minecraft:bone":2,"minecraft:oak_sign":1,"minecraft:wheat_seeds":6,"minecraft:cobbled_deepslate":6,"minecraft:cobblestone_slab":6,"minecraft:poppy":1,"minecraft:sugar_cane":1,"minecraft:chest":64,"minecraft:acacia_sapling":2,"minecraft:egg":12,"minecraft:porkchop":2,"pointblank:gunmetal_nugget":9,"create:hand_crank":1,"marbledsarsenal:helmet_cm8m_gas_mask":1,"minecraft:rotten_flesh":7,"minecraft:cobblestone":3},"minecraft:dropped":{"minecraft:moss_carpet":1,"minecraft:sugar_cane":1,"marbledsarsenal:helmet_cm8m_gas_mask":1,"minecraft:oak_sign":6,"minecraft:red_mushroom":1,"max_armory:diamond_katana":1,"projectvibrantjourneys:fallen_leaves":1,"minecraft:chest":4,"marbledsarsenal:helmet_cm6m_gas_mask":1,"minecraft:bucket":1},"minecraft:used":{"minecraft:cobbled_deepslate_wall":135,"minecraft:oak_trapdoor":1,"minecraft:enchanting_table":1,"minecraft:cobblestone_stairs":3,"pointblank:printer":1,"minecraft:ladder":4,"minecraft:oak_sign":1,"tacz:gun_smith_table":5,"minecraft:chest":13,"minecraft:stone":6,"minecraft:cauldron":2,"marbledsarsenal:swat_armor_boots":1,"minecraft:cobblestone_slab":8,"create:spout":1,"minecraft:dirt":6,"create:mechanical_pump":1,"minecraft:anvil":1,"minecraft:lime_bed":1,"minecraft:crafting_table":1,"create:cogwheel":2,"minecraft:blast_furnace":3,"create:depot":2,"minecraft:black_bed":1,"marbledsarsenal:swat_armor_helmet":1,"minecraft:cobbled_deepslate_stairs":12,"minecraft:smoker":1,"minecraft:dark_oak_door":5,"marbledsarsenal:swat_armor_chestplate":1,"minecraft:diamond_pickaxe":14,"minecraft:bookshelf":22,"create:mechanical_press":2,"minecraft:bread":3,"minecraft:grass_block":98,"minecraft:cyan_bed":1,"marbledsarsenal:swat_armor_leggings":1,"minecraft:deepslate":208,"minecraft:cobblestone":2,"minecraft:furnace":5,"create:fluid_pipe":5,"minecraft:egg":12,"create:hand_crank":4,"minecraft:cobbled_deepslate":28,"max_armory:diamond_long_sword":16,"create:fluid_valve":1,"create:large_cogwheel":2}},"DataVersion":3465}